expiry,days,type,strike,bid,ask,volume,open_interest
2026-10-13,7,call,710.0,69.68,72.39,8.0,1.0
2026-10-13,7,call,730.0,49.79,52.44,0.0,1.0
2026-10-13,7,call,734.0,45.75,48.45,0.0,3.0
2026-10-13,7,call,735.0,44.73,47.46,0.0,1.0
2026-10-13,7,call,736.0,43.7,46.4,0.0,3.0
2026-10-13,7,call,739.0,40.78,43.48,2.0,3.0
2026-10-13,7,call,740.0,39.78,42.48,2.0,4.0
2026-10-13,7,call,742.0,37.81,40.5,6.0,3.0
2026-10-13,7,call,743.0,36.8,39.5,10.0,6.0
2026-10-13,7,call,745.0,35.02,36.37,52.0,201.0
2026-10-13,7,call,747.0,32.87,35.54,6.0,1.0
2026-10-13,7,call,749.0,30.87,33.57,8.0,6.0
2026-10-13,7,call,750.0,29.88,32.58,15.0,8.0
2026-10-13,7,call,753.0,26.93,29.63,2.0,1.0
2026-10-13,7,call,755.0,24.95,27.68,12.0,20.0
2026-10-13,7,call,756.0,24.01,26.7,24.0,34.0
2026-10-13,7,call,757.0,23.03,25.73,24.0,41.0
2026-10-13,7,call,758.0,22.02,24.62,46.0,24.0
2026-10-13,7,call,759.0,21.2,23.72,66.0,31.0
2026-10-13,7,call,760.0,20.55,21.63,42.0,126.0
2026-10-13,7,call,761.0,19.16,20.8,68.0,76.0
2026-10-13,7,call,762.0,18.2,20.86,56.0,80.0
2026-10-13,7,call,763.0,18.0,18.76,46.0,411.0
2026-10-13,7,call,764.0,17.06,17.84,44.0,149.0
2026-10-13,7,call,765.0,16.48,16.91,72.0,598.0
2026-10-13,7,call,766.0,15.34,15.97,17.0,205.0
2026-10-13,7,call,767.0,13.8,15.64,5.0,442.0
2026-10-13,7,call,768.0,13.85,14.17,14.0,598.0
2026-10-13,7,call,769.0,12.95,13.28,40.0,392.0
2026-10-13,7,call,770.0,12.06,12.39,90.0,563.0
2026-10-13,7,call,771.0,11.24,11.52,53.0,384.0
2026-10-13,7,call,772.0,10.4,10.68,18.0,268.0
2026-10-13,7,call,773.0,9.59,9.85,21.0,249.0
2026-10-13,7,call,774.0,8.83,9.06,54.0,770.0
2026-10-13,7,call,775.0,8.05,8.27,144.0,1056.0
2026-10-13,7,call,776.0,7.34,7.56,51.0,488.0
2026-10-13,7,call,777.0,6.64,6.84,101.0,871.0
2026-10-13,7,call,778.0,5.98,6.13,694.0,464.0
2026-10-13,7,call,779.0,5.39,5.51,2248.0,520.0
2026-10-13,7,call,780.0,4.83,4.85,2319.0,582.0
2026-10-13,7,call,781.0,4.24,4.26,848.0,366.0
2026-10-13,7,call,782.0,3.76,3.79,150.0,807.0
2026-10-13,7,call,783.0,3.28,3.31,223.0,319.0
2026-10-13,7,call,784.0,2.86,2.88,242.0,470.0
2026-10-13,7,call,785.0,2.44,2.46,602.0,637.0
2026-10-13,7,call,786.0,2.1,2.13,337.0,635.0
2026-10-13,7,call,787.0,1.8,1.82,174.0,440.0
2026-10-13,7,call,788.0,1.51,1.52,989.0,359.0
2026-10-13,7,call,789.0,1.28,1.29,136.0,486.0
2026-10-13,7,call,790.0,1.07,1.09,435.0,355.0
2026-10-13,7,call,791.0,0.89,0.9,91.0,166.0
2026-10-13,7,call,792.0,0.73,0.74,378.0,255.0
2026-10-13,7,call,793.0,0.6,0.61,390.0,494.0
2026-10-13,7,call,794.0,0.49,0.5,46.0,66.0
2026-10-13,7,call,795.0,0.4,0.41,299.0,362.0
2026-10-13,7,call,796.0,0.33,0.34,66.0,104.0
2026-10-13,7,call,797.0,0.28,0.29,77.0,383.0
2026-10-13,7,call,798.0,0.22,0.23,167.0,189.0
2026-10-13,7,call,799.0,0.18,0.19,115.0,48.0
2026-10-13,7,call,800.0,0.16,0.17,24.0,739.0
2026-10-13,7,call,801.0,0.13,0.14,23.0,11.0
2026-10-13,7,call,802.0,0.11,0.12,8.0,14.0
2026-10-13,7,call,803.0,0.09,0.1,15.0,44.0
2026-10-13,7,call,804.0,0.08,0.09,1.0,216.0
2026-10-13,7,call,805.0,0.07,0.08,8.0,64.0
2026-10-13,7,call,806.0,0.06,0.07,1.0,9.0
2026-10-13,7,call,807.0,0.05,0.06,2.0,24.0
2026-10-13,7,call,810.0,0.04,0.05,1.0,104.0
2026-10-13,7,call,815.0,0.03,0.04,1.0,40.0
2026-10-13,7,call,820.0,0.02,0.03,0.0,72.0
2026-10-13,7,call,825.0,0.02,0.03,0.0,79.0
2026-10-13,7,call,830.0,0.01,0.02,0.0,24.0
2026-10-13,7,call,895.0,0.0,0.01,1.0,6.0
2026-10-13,7,put,565.0,0.0,0.01,30.0,111.0
2026-10-13,7,put,570.0,0.0,0.01,10.0,30.0
2026-10-13,7,put,575.0,0.0,0.01,0.0,97.0
2026-10-13,7,put,580.0,0.0,0.01,20.0,125.0
2026-10-13,7,put,635.0,0.01,0.02,0.0,1.0
2026-10-13,7,put,645.0,0.01,0.02,2.0,1.0
2026-10-13,7,put,655.0,0.01,0.02,200.0,37.0
2026-10-13,7,put,665.0,0.02,0.03,100.0,100.0
2026-10-13,7,put,675.0,0.02,0.03,45.0,20.0
2026-10-13,7,put,680.0,0.03,0.04,2.0,2.0
2026-10-13,7,put,690.0,0.03,0.04,2242.0,51.0
2026-10-13,7,put,695.0,0.04,0.05,1.0,45.0
2026-10-13,7,put,700.0,0.05,0.06,9533.0,255.0
2026-10-13,7,put,705.0,0.05,0.06,1.0,69.0
2026-10-13,7,put,710.0,0.05,0.06,1995.0,8.0
2026-10-13,7,put,715.0,0.06,0.07,1.0,102.0
2026-10-13,7,put,720.0,0.07,0.08,110.0,341.0
2026-10-13,7,put,723.0,0.07,0.08,4.0,80.0
2026-10-13,7,put,724.0,0.07,0.08,2.0,419.0
2026-10-13,7,put,725.0,0.08,0.09,6.0,354.0
2026-10-13,7,put,726.0,0.08,0.09,120.0,201.0
2026-10-13,7,put,727.0,0.08,0.09,90.0,92.0
2026-10-13,7,put,728.0,0.08,0.09,3.0,78.0
2026-10-13,7,put,729.0,0.09,0.1,55.0,169.0
2026-10-13,7,put,730.0,0.09,0.1,9.0,497.0
2026-10-13,7,put,731.0,0.09,0.1,13.0,190.0
2026-10-13,7,put,732.0,0.09,0.1,1005.0,160.0
2026-10-13,7,put,733.0,0.1,0.11,28.0,341.0
2026-10-13,7,put,734.0,0.1,0.11,1.0,153.0
2026-10-13,7,put,735.0,0.1,0.11,5.0,302.0
2026-10-13,7,put,736.0,0.11,0.12,5.0,77.0
2026-10-13,7,put,737.0,0.11,0.12,3.0,173.0
2026-10-13,7,put,738.0,0.11,0.12,4.0,154.0
2026-10-13,7,put,739.0,0.12,0.13,28.0,178.0
2026-10-13,7,put,740.0,0.12,0.13,16.0,259.0
2026-10-13,7,put,741.0,0.13,0.14,18.0,224.0
2026-10-13,7,put,742.0,0.13,0.14,11.0,141.0
2026-10-13,7,put,743.0,0.14,0.15,46.0,88.0
2026-10-13,7,put,744.0,0.15,0.16,32.0,230.0
2026-10-13,7,put,745.0,0.15,0.16,786.0,5680.0
2026-10-13,7,put,746.0,0.16,0.17,56.0,192.0
2026-10-13,7,put,747.0,0.17,0.18,4.0,65.0
2026-10-13,7,put,748.0,0.18,0.19,2.0,87.0
2026-10-13,7,put,749.0,0.19,0.2,12.0,110.0
2026-10-13,7,put,750.0,0.2,0.21,94.0,944.0
2026-10-13,7,put,751.0,0.21,0.22,150.0,585.0
2026-10-13,7,put,752.0,0.23,0.24,48.0,317.0
2026-10-13,7,put,753.0,0.24,0.25,689.0,427.0
2026-10-13,7,put,754.0,0.26,0.27,853.0,1089.0
2026-10-13,7,put,755.0,0.29,0.3,474.0,813.0
2026-10-13,7,put,756.0,0.3,0.31,826.0,823.0
2026-10-13,7,put,757.0,0.33,0.34,357.0,567.0
2026-10-13,7,put,758.0,0.36,0.37,103.0,209.0
2026-10-13,7,put,759.0,0.38,0.4,137.0,181.0
2026-10-13,7,put,760.0,0.42,0.43,665.0,969.0
2026-10-13,7,put,761.0,0.46,0.47,200.0,233.0
2026-10-13,7,put,762.0,0.51,0.52,206.0,459.0
2026-10-13,7,put,763.0,0.55,0.57,211.0,251.0
2026-10-13,7,put,764.0,0.61,0.62,186.0,237.0
2026-10-13,7,put,765.0,0.68,0.69,145.0,362.0
2026-10-13,7,put,766.0,0.75,0.77,380.0,317.0
2026-10-13,7,put,767.0,0.84,0.85,224.0,749.0
2026-10-13,7,put,768.0,0.94,0.95,98.0,294.0
2026-10-13,7,put,769.0,1.04,1.06,73.0,566.0
2026-10-13,7,put,770.0,1.18,1.19,610.0,819.0
2026-10-13,7,put,771.0,1.31,1.33,230.0,569.0
2026-10-13,7,put,772.0,1.47,1.49,286.0,402.0
2026-10-13,7,put,773.0,1.66,1.67,79.0,261.0
2026-10-13,7,put,774.0,1.87,1.88,363.0,251.0
2026-10-13,7,put,775.0,2.1,2.12,362.0,222.0
2026-10-13,7,put,777.0,2.68,2.69,340.0,54.0
2026-10-13,7,put,778.0,2.99,3.0,4221.0,33.0
2026-10-13,7,put,780.0,3.76,3.78,2293.0,52.0
2026-10-13,7,put,782.0,4.69,4.72,159.0,7.0
2026-10-13,7,put,785.0,6.36,6.49,143.0,26.0
2026-10-13,7,put,786.0,7.0,7.16,4.0,9.0
2026-10-13,7,put,787.0,7.67,7.91,5.0,8.0
2026-10-13,7,put,810.0,28.16,30.83,2.0,0.0
2026-10-16,10,call,300.0,479.51,482.17,24.0,43.0
2026-10-16,10,call,305.0,474.49,477.18,84.0,62.0
2026-10-16,10,call,310.0,469.51,472.18,24.0,1.0
2026-10-16,10,call,315.0,464.52,467.19,5.0,0.0
2026-10-16,10,call,320.0,459.5,462.19,24.0,3.0
2026-10-16,10,call,325.0,437.89,442.0,0.0,0.0
2026-10-16,10,call,330.0,433.2,437.01,15.0,0.0
2026-10-16,10,call,335.0,427.91,431.56,15.0,0.0
2026-10-16,10,call,340.0,0.0,0.0,0.0,0.0
2026-10-16,10,call,350.0,429.55,432.24,3.0,3.0
2026-10-16,10,call,355.0,424.54,427.25,0.0,0.0
2026-10-16,10,call,360.0,419.59,422.26,3.0,0.0
2026-10-16,10,call,365.0,398.31,400.99,0.0,1.0
2026-10-16,10,call,380.0,399.58,402.28,6.0,2.0
2026-10-16,10,call,390.0,389.59,392.3,1.0,1.0
2026-10-16,10,call,400.0,0.0,0.0,2.0,0.0
2026-10-16,10,call,405.0,351.06,354.54,0.0,1.0
2026-10-16,10,call,410.0,346.11,349.62,0.0,1.0
2026-10-16,10,call,420.0,359.66,362.25,4.0,0.0
2026-10-16,10,call,440.0,323.5,326.28,0.0,1.0
2026-10-16,10,call,445.0,334.7,337.37,36.0,0.0
2026-10-16,10,call,450.0,329.72,331.21,1.0,701.0
2026-10-16,10,call,455.0,324.68,327.39,0.0,0.0
2026-10-16,10,call,460.0,319.73,322.39,0.0,0.0
2026-10-16,10,call,465.0,314.75,317.4,9.0,0.0
2026-10-16,10,call,470.0,309.68,312.41,0.0,1.0
2026-10-16,10,call,475.0,304.74,307.42,0.0,0.0
2026-10-16,10,call,480.0,299.72,302.43,2.0,1.0
2026-10-16,10,call,485.0,294.75,297.43,11.0,0.0
2026-10-16,10,call,495.0,284.78,287.44,0.0,0.0
2026-10-16,10,call,500.0,279.74,282.45,1.0,25.0
2026-10-16,10,call,505.0,274.78,277.46,1.0,1.0
2026-10-16,10,call,510.0,269.75,272.48,1.0,2.0
2026-10-16,10,call,515.0,264.78,267.47,43.0,43.0
2026-10-16,10,call,520.0,259.77,262.47,2.0,72.0
2026-10-16,10,call,525.0,254.83,257.48,1.0,5.0
2026-10-16,10,call,530.0,249.79,252.5,2.0,84.0
2026-10-16,10,call,535.0,244.85,247.5,2.0,2.0
2026-10-16,10,call,540.0,239.8,242.5,2.0,4.0
2026-10-16,10,call,545.0,0.0,0.0,0.0,0.0
2026-10-16,10,call,550.0,229.85,232.53,1.0,1.0
2026-10-16,10,call,555.0,224.87,227.53,1.0,3.0
2026-10-16,10,call,560.0,219.87,222.54,2.0,31.0
2026-10-16,10,call,565.0,214.84,217.55,2.0,11.0
2026-10-16,10,call,570.0,209.85,212.5,2.0,23.0
2026-10-16,10,call,575.0,204.89,207.57,1.0,49.0
2026-10-16,10,call,580.0,199.84,202.57,1.0,21.0
2026-10-16,10,call,585.0,194.88,197.59,1.0,24.0
2026-10-16,10,call,590.0,189.92,191.43,18.0,285.0
2026-10-16,10,call,595.0,184.93,187.59,2.0,58.0
2026-10-16,10,call,600.0,179.94,181.44,2.0,429.0
2026-10-16,10,call,605.0,174.91,177.61,1.0,42.0
2026-10-16,10,call,610.0,169.96,172.63,1.0,64.0
2026-10-16,10,call,615.0,164.99,166.47,2.0,211.0
2026-10-16,10,call,620.0,159.98,161.48,7.0,193.0
2026-10-16,10,call,625.0,155.01,156.49,6.0,240.0
2026-10-16,10,call,630.0,150.01,152.67,4.0,46.0
2026-10-16,10,call,635.0,144.99,146.48,3.0,4351.0
2026-10-16,10,call,640.0,140.03,141.5,10.0,688.0
2026-10-16,10,call,645.0,135.02,136.51,4.0,251.0
2026-10-16,10,call,650.0,130.02,131.54,2.0,377.0
2026-10-16,10,call,655.0,125.05,127.72,4.0,28.0
2026-10-16,10,call,660.0,120.45,121.56,33.0,434.0
2026-10-16,10,call,665.0,115.05,116.58,30.0,463.0
2026-10-16,10,call,670.0,110.07,111.56,9.0,507.0
2026-10-16,10,call,675.0,105.06,106.6,3.0,529.0
2026-10-16,10,call,680.0,100.08,101.59,9.0,2414.0
2026-10-16,10,call,685.0,95.15,96.63,1.0,1430.0
2026-10-16,10,call,690.0,90.14,91.65,6.0,1177.0
2026-10-16,10,call,695.0,85.16,86.64,1.0,918.0
2026-10-16,10,call,700.0,80.18,81.68,2.0,1623.0
2026-10-16,10,call,701.0,79.16,80.66,3.0,1080.0
2026-10-16,10,call,702.0,78.15,80.85,2.0,76.0
2026-10-16,10,call,703.0,77.14,79.85,4.0,29.0
2026-10-16,10,call,704.0,76.19,78.85,4.0,73.0
2026-10-16,10,call,705.0,75.19,76.7,3.0,300.0
2026-10-16,10,call,706.0,74.15,76.87,6.0,25.0
2026-10-16,10,call,707.0,73.2,75.87,1.0,42.0
2026-10-16,10,call,708.0,72.18,74.87,3.0,16.0
2026-10-16,10,call,709.0,71.18,73.88,10.0,16.0
2026-10-16,10,call,710.0,70.22,71.72,11.0,1324.0
2026-10-16,10,call,711.0,69.19,71.89,4.0,7.0
2026-10-16,10,call,712.0,68.23,69.73,5.0,329.0
2026-10-16,10,call,713.0,67.18,69.9,1.0,9.0
2026-10-16,10,call,714.0,66.23,67.71,2.0,193.0
2026-10-16,10,call,715.0,65.23,66.72,5.0,540.0
2026-10-16,10,call,716.0,64.2,66.91,1.0,19.0
2026-10-16,10,call,717.0,63.21,65.92,5.0,9.0
2026-10-16,10,call,718.0,62.25,64.59,7.0,31.0
2026-10-16,10,call,719.0,61.23,63.93,1.0,12.0
2026-10-16,10,call,720.0,60.27,61.77,17.0,553.0
2026-10-16,10,call,721.0,59.24,61.94,2.0,53.0
2026-10-16,10,call,722.0,58.26,60.81,2.0,78.0
2026-10-16,10,call,723.0,57.24,59.95,4.0,20.0
2026-10-16,10,call,724.0,56.24,58.96,1.0,13.0
2026-10-16,10,call,725.0,55.28,56.77,10.0,1219.0
2026-10-16,10,call,726.0,54.28,56.97,3.0,24.0
2026-10-16,10,call,727.0,53.28,55.98,2.0,86.0
2026-10-16,10,call,728.0,52.3,53.82,5.0,183.0
2026-10-16,10,call,729.0,51.27,53.99,1.0,43.0
2026-10-16,10,call,730.0,50.47,51.83,2.0,1116.0
2026-10-16,10,call,731.0,49.36,50.84,2.0,290.0
2026-10-16,10,call,732.0,48.33,49.82,24.0,150.0
2026-10-16,10,call,733.0,47.34,48.83,3.0,149.0
2026-10-16,10,call,734.0,46.37,47.87,4.0,227.0
2026-10-16,10,call,735.0,45.36,46.85,2.0,3656.0
2026-10-16,10,call,736.0,44.41,45.89,2.0,161.0
2026-10-16,10,call,737.0,43.36,44.87,2.0,181.0
2026-10-16,10,call,738.0,42.36,43.89,4.0,410.0
2026-10-16,10,call,739.0,41.46,42.92,2.0,652.0
2026-10-16,10,call,740.0,40.92,41.94,14.0,4329.0
2026-10-16,10,call,741.0,39.48,40.95,2.0,488.0
2026-10-16,10,call,742.0,38.48,39.97,4.0,237.0
2026-10-16,10,call,743.0,37.51,38.99,2.0,565.0
2026-10-16,10,call,744.0,36.53,38.01,2.0,186.0
2026-10-16,10,call,745.0,35.55,37.03,12.0,2651.0
2026-10-16,10,call,746.0,34.52,36.03,2.0,349.0
2026-10-16,10,call,747.0,33.54,35.05,1.0,242.0
2026-10-16,10,call,748.0,32.62,34.01,1.0,177.0
2026-10-16,10,call,749.0,31.63,33.13,5.0,321.0
2026-10-16,10,call,750.0,31.98,32.06,62.0,7250.0
2026-10-16,10,call,751.0,29.98,31.17,2.0,445.0
2026-10-16,10,call,752.0,29.99,30.22,100.0,510.0
2026-10-16,10,call,753.0,27.78,29.26,6.0,491.0
2026-10-16,10,call,754.0,26.78,28.29,1.0,732.0
2026-10-16,10,call,755.0,27.13,27.35,172.0,4007.0
2026-10-16,10,call,756.0,24.91,26.4,31.0,1064.0
2026-10-16,10,call,757.0,23.97,25.46,2.0,749.0
2026-10-16,10,call,758.0,23.48,24.52,16.0,1536.0
2026-10-16,10,call,759.0,22.95,23.57,26.0,1256.0
2026-10-16,10,call,760.0,22.45,22.53,173.0,10162.0
2026-10-16,10,call,761.0,21.15,21.72,28.0,2937.0
2026-10-16,10,call,762.0,20.22,22.0,33.0,3038.0
2026-10-16,10,call,763.0,19.61,19.9,41.0,2410.0
2026-10-16,10,call,764.0,18.72,18.9,11.0,2517.0
2026-10-16,10,call,765.0,17.95,18.03,1322.0,7116.0
2026-10-16,10,call,766.0,17.08,17.16,73.0,7239.0
2026-10-16,10,call,767.0,16.21,16.29,54.0,7379.0
2026-10-16,10,call,768.0,15.26,15.52,75.0,4307.0
2026-10-16,10,call,769.0,14.48,14.69,150.0,3470.0
2026-10-16,10,call,770.0,13.7,13.77,572.0,19873.0
2026-10-16,10,call,771.0,12.83,12.99,109.0,3519.0
2026-10-16,10,call,772.0,12.11,12.18,211.0,5965.0
2026-10-16,10,call,773.0,11.27,11.48,55.0,2739.0
2026-10-16,10,call,774.0,10.52,10.72,220.0,3737.0
2026-10-16,10,call,775.0,9.85,9.92,984.0,20875.0
2026-10-16,10,call,776.0,9.21,9.3,752.0,2889.0
2026-10-16,10,call,777.0,8.45,8.62,496.0,3468.0
2026-10-16,10,call,778.0,7.82,7.88,1109.0,5741.0
2026-10-16,10,call,779.0,7.18,7.31,1420.0,3273.0
2026-10-16,10,call,780.0,6.64,6.67,8798.0,18104.0
2026-10-16,10,call,781.0,6.06,6.09,1269.0,9296.0
2026-10-16,10,call,782.0,5.52,5.55,893.0,4140.0
2026-10-16,10,call,783.0,5.03,5.05,1042.0,7558.0
2026-10-16,10,call,784.0,4.51,4.53,541.0,6899.0
2026-10-16,10,call,785.0,4.08,4.1,4738.0,46468.0
2026-10-16,10,call,786.0,3.68,3.71,1099.0,5800.0
2026-10-16,10,call,787.0,3.3,3.32,493.0,3088.0
2026-10-16,10,call,788.0,2.96,2.97,781.0,1846.0
2026-10-16,10,call,789.0,2.63,2.65,809.0,2245.0
2026-10-16,10,call,790.0,2.3,2.31,8018.0,28546.0
2026-10-16,10,call,791.0,2.06,2.07,1002.0,2857.0
2026-10-16,10,call,792.0,1.81,1.82,920.0,3402.0
2026-10-16,10,call,793.0,1.58,1.6,506.0,6913.0
2026-10-16,10,call,794.0,1.39,1.41,3738.0,4154.0
2026-10-16,10,call,795.0,1.22,1.23,1712.0,23596.0
2026-10-16,10,call,796.0,1.05,1.07,260.0,6848.0
2026-10-16,10,call,797.0,0.91,0.92,440.0,16105.0
2026-10-16,10,call,798.0,0.8,0.81,100.0,6560.0
2026-10-16,10,call,799.0,0.68,0.69,67.0,3351.0
2026-10-16,10,call,800.0,0.6,0.61,2709.0,25171.0
2026-10-16,10,call,801.0,0.51,0.52,21.0,653.0
2026-10-16,10,call,802.0,0.44,0.45,11.0,1721.0
2026-10-16,10,call,803.0,0.39,0.4,3505.0,1023.0
2026-10-16,10,call,804.0,0.33,0.34,18.0,811.0
2026-10-16,10,call,805.0,0.3,0.31,258.0,11538.0
2026-10-16,10,call,806.0,0.25,0.26,2.0,1797.0
2026-10-16,10,call,807.0,0.23,0.24,17.0,1493.0
2026-10-16,10,call,808.0,0.19,0.2,1.0,841.0
2026-10-16,10,call,809.0,0.17,0.18,13.0,3956.0
2026-10-16,10,call,810.0,0.15,0.16,361.0,16622.0
2026-10-16,10,call,815.0,0.09,0.1,10.0,15997.0
2026-10-16,10,call,820.0,0.06,0.07,13.0,16144.0
2026-10-16,10,call,825.0,0.05,0.06,40.0,15541.0
2026-10-16,10,call,830.0,0.03,0.04,2.0,18386.0
2026-10-16,10,call,835.0,0.03,0.04,1.0,3175.0
2026-10-16,10,call,840.0,0.02,0.03,31.0,3109.0
2026-10-16,10,call,845.0,0.02,0.03,5.0,1787.0
2026-10-16,10,call,850.0,0.01,0.02,29.0,9729.0
2026-10-16,10,call,855.0,0.01,0.02,800.0,718.0
2026-10-16,10,call,860.0,0.01,0.02,1.0,2137.0
2026-10-16,10,call,865.0,0.01,0.02,250.0,1478.0
2026-10-16,10,call,870.0,0.01,0.02,1.0,2707.0
2026-10-16,10,call,875.0,0.01,0.02,1.0,1386.0
2026-10-16,10,call,880.0,0.0,0.01,9.0,395.0
2026-10-16,10,call,885.0,0.0,0.01,1.0,3228.0
2026-10-16,10,call,890.0,0.0,0.01,1.0,2619.0
2026-10-16,10,call,895.0,0.0,0.01,1.0,1152.0
2026-10-16,10,call,900.0,0.0,0.01,281.0,5705.0
2026-10-16,10,call,905.0,0.0,0.01,20.0,4009.0
2026-10-16,10,call,910.0,0.0,0.01,1.0,4029.0
2026-10-16,10,call,915.0,0.0,0.01,60.0,4488.0
2026-10-16,10,call,920.0,0.0,0.01,280.0,368.0
2026-10-16,10,call,925.0,0.0,0.01,4.0,359.0
2026-10-16,10,call,930.0,0.0,0.01,1.0,371.0
2026-10-16,10,call,935.0,0.0,0.01,1.0,598.0
2026-10-16,10,call,940.0,0.0,0.01,28.0,1022.0
2026-10-16,10,call,945.0,0.0,0.01,1101.0,1136.0
2026-10-16,10,call,950.0,0.0,0.01,200.0,1177.0
2026-10-16,10,call,955.0,0.0,0.01,1.0,18.0
2026-10-16,10,call,960.0,0.0,0.01,596.0,1188.0
2026-10-16,10,call,965.0,0.0,0.01,206.0,785.0
2026-10-16,10,call,970.0,0.0,0.01,10.0,782.0
2026-10-16,10,call,975.0,0.0,0.01,745.0,1299.0
2026-10-16,10,call,980.0,0.0,0.01,532.0,290.0
2026-10-16,10,call,985.0,0.0,0.01,407.0,595.0
2026-10-16,10,call,990.0,0.0,0.01,407.0,628.0
2026-10-16,10,call,995.0,0.0,0.01,1.0,72.0
2026-10-16,10,call,1000.0,0.0,0.01,2.0,1254.0
2026-10-16,10,put,300.0,0.0,0.01,2.0,5236.0
2026-10-16,10,put,305.0,0.0,0.01,1.0,2490.0
2026-10-16,10,put,310.0,0.0,0.01,220.0,4501.0
2026-10-16,10,put,315.0,0.0,0.01,600.0,3539.0
2026-10-16,10,put,320.0,0.0,0.01,1641.0,2456.0
2026-10-16,10,put,325.0,0.0,0.01,1.0,426.0
2026-10-16,10,put,330.0,0.0,0.01,1.0,4674.0
2026-10-16,10,put,335.0,0.0,0.01,2.0,1158.0
2026-10-16,10,put,340.0,0.0,0.01,400.0,673.0
2026-10-16,10,put,345.0,0.0,0.01,200.0,1045.0
2026-10-16,10,put,350.0,0.0,0.01,25.0,6274.0
2026-10-16,10,put,355.0,0.0,0.01,1.0,11300.0
2026-10-16,10,put,360.0,0.0,0.01,1.0,5728.0
2026-10-16,10,put,365.0,0.0,0.01,48.0,1815.0
2026-10-16,10,put,370.0,0.0,0.01,102.0,10620.0
2026-10-16,10,put,375.0,0.0,0.01,1.0,6868.0
2026-10-16,10,put,380.0,0.0,0.01,210.0,2763.0
2026-10-16,10,put,385.0,0.0,0.01,100.0,3690.0
2026-10-16,10,put,390.0,0.0,0.01,10.0,4574.0
2026-10-16,10,put,395.0,0.0,0.01,301.0,4012.0
2026-10-16,10,put,400.0,0.0,0.01,50.0,21695.0
2026-10-16,10,put,405.0,0.0,0.01,1503.0,6236.0
2026-10-16,10,put,410.0,0.0,0.01,1500.0,14221.0
2026-10-16,10,put,415.0,0.0,0.01,2.0,1105.0
2026-10-16,10,put,420.0,0.0,0.01,27.0,2102.0
2026-10-16,10,put,425.0,0.0,0.01,3.0,154945.0
2026-10-16,10,put,430.0,0.0,0.01,9.0,15749.0
2026-10-16,10,put,435.0,0.0,0.01,50.0,1872.0
2026-10-16,10,put,440.0,0.0,0.01,830.0,1411.0
2026-10-16,10,put,445.0,0.0,0.01,2.0,4548.0
2026-10-16,10,put,450.0,0.0,0.01,10.0,3954.0
2026-10-16,10,put,455.0,0.0,0.01,3816.0,3373.0
2026-10-16,10,put,460.0,0.0,0.01,50.0,2248.0
2026-10-16,10,put,465.0,0.0,0.01,250.0,3710.0
2026-10-16,10,put,470.0,0.0,0.01,250.0,4466.0
2026-10-16,10,put,475.0,0.0,0.01,50.0,3122.0
2026-10-16,10,put,480.0,0.0,0.01,2.0,2420.0
2026-10-16,10,put,485.0,0.0,0.01,300.0,673.0
2026-10-16,10,put,490.0,0.0,0.01,1.0,965.0
2026-10-16,10,put,495.0,0.0,0.01,300.0,2065.0
2026-10-16,10,put,500.0,0.0,0.01,274.0,8932.0
2026-10-16,10,put,505.0,0.0,0.01,1.0,650.0
2026-10-16,10,put,510.0,0.0,0.01,10.0,1734.0
2026-10-16,10,put,515.0,0.0,0.01,2840.0,1520.0
2026-10-16,10,put,520.0,0.0,0.01,21.0,1901.0
2026-10-16,10,put,525.0,0.0,0.01,590.0,301779.0
2026-10-16,10,put,530.0,0.01,0.02,1.0,888.0
2026-10-16,10,put,535.0,0.01,0.02,1.0,826.0
2026-10-16,10,put,540.0,0.01,0.02,342.0,4788.0
2026-10-16,10,put,545.0,0.01,0.02,50.0,2301.0
2026-10-16,10,put,550.0,0.01,0.02,202.0,12060.0
2026-10-16,10,put,555.0,0.01,0.02,1.0,4582.0
2026-10-16,10,put,560.0,0.01,0.02,3.0,19595.0
2026-10-16,10,put,565.0,0.01,0.02,11.0,17796.0
2026-10-16,10,put,570.0,0.01,0.02,3.0,1315.0
2026-10-16,10,put,575.0,0.02,0.03,252.0,1301.0
2026-10-16,10,put,580.0,0.02,0.03,1.0,1662.0
2026-10-16,10,put,585.0,0.02,0.03,36.0,1737.0
2026-10-16,10,put,590.0,0.02,0.03,12.0,3183.0
2026-10-16,10,put,595.0,0.02,0.03,10.0,1737.0
2026-10-16,10,put,600.0,0.02,0.03,74.0,12174.0
2026-10-16,10,put,605.0,0.03,0.04,56.0,2827.0
2026-10-16,10,put,610.0,0.03,0.04,2.0,3594.0
2026-10-16,10,put,615.0,0.03,0.04,4.0,1456.0
2026-10-16,10,put,620.0,0.03,0.04,30.0,2708.0
2026-10-16,10,put,625.0,0.04,0.05,65.0,155800.0
2026-10-16,10,put,630.0,0.04,0.05,2.0,33432.0
2026-10-16,10,put,635.0,0.04,0.05,11.0,2489.0
2026-10-16,10,put,640.0,0.05,0.06,27.0,5993.0
2026-10-16,10,put,645.0,0.05,0.06,53.0,5680.0
2026-10-16,10,put,650.0,0.05,0.06,5.0,26944.0
2026-10-16,10,put,655.0,0.06,0.07,4.0,11692.0
2026-10-16,10,put,660.0,0.06,0.07,69.0,12215.0
2026-10-16,10,put,665.0,0.07,0.08,4.0,5437.0
2026-10-16,10,put,670.0,0.07,0.08,30.0,16756.0
2026-10-16,10,put,675.0,0.08,0.09,33.0,15434.0
2026-10-16,10,put,680.0,0.09,0.1,57.0,29722.0
2026-10-16,10,put,685.0,0.1,0.11,20.0,9840.0
2026-10-16,10,put,690.0,0.1,0.11,120.0,23783.0
2026-10-16,10,put,695.0,0.11,0.12,39.0,7096.0
2026-10-16,10,put,700.0,0.12,0.13,1376.0,32080.0
2026-10-16,10,put,701.0,0.13,0.14,18.0,2992.0
2026-10-16,10,put,702.0,0.13,0.14,2.0,1108.0
2026-10-16,10,put,703.0,0.13,0.14,9.0,1366.0
2026-10-16,10,put,704.0,0.13,0.14,3.0,1527.0
2026-10-16,10,put,705.0,0.13,0.14,84.0,13373.0
2026-10-16,10,put,706.0,0.14,0.15,5.0,1067.0
2026-10-16,10,put,707.0,0.14,0.15,5.0,1186.0
2026-10-16,10,put,708.0,0.14,0.15,72.0,3327.0
2026-10-16,10,put,709.0,0.14,0.15,2.0,2315.0
2026-10-16,10,put,710.0,0.15,0.16,73.0,19051.0
2026-10-16,10,put,711.0,0.15,0.16,2.0,3956.0
2026-10-16,10,put,712.0,0.15,0.16,1.0,1305.0
2026-10-16,10,put,713.0,0.16,0.17,1.0,1094.0
2026-10-16,10,put,714.0,0.16,0.17,1.0,5109.0
2026-10-16,10,put,715.0,0.16,0.17,62.0,8058.0
2026-10-16,10,put,716.0,0.17,0.18,1.0,10918.0
2026-10-16,10,put,717.0,0.17,0.18,1.0,1294.0
2026-10-16,10,put,718.0,0.17,0.18,53.0,4628.0
2026-10-16,10,put,719.0,0.18,0.19,2.0,1304.0
2026-10-16,10,put,720.0,0.19,0.2,72.0,30518.0
2026-10-16,10,put,721.0,0.19,0.2,1.0,1324.0
2026-10-16,10,put,722.0,0.19,0.2,7.0,20657.0
2026-10-16,10,put,723.0,0.2,0.21,6.0,5820.0
2026-10-16,10,put,724.0,0.21,0.22,1.0,26674.0
2026-10-16,10,put,725.0,0.21,0.22,597.0,58883.0
2026-10-16,10,put,726.0,0.21,0.22,28.0,12613.0
2026-10-16,10,put,727.0,0.22,0.23,6.0,15765.0
2026-10-16,10,put,728.0,0.22,0.23,39.0,25236.0
2026-10-16,10,put,729.0,0.23,0.24,25.0,33175.0
2026-10-16,10,put,730.0,0.24,0.25,711.0,63621.0
2026-10-16,10,put,731.0,0.24,0.25,51.0,2262.0
2026-10-16,10,put,732.0,0.25,0.26,77.0,56604.0
2026-10-16,10,put,733.0,0.26,0.27,147.0,22298.0
2026-10-16,10,put,734.0,0.27,0.28,48.0,15576.0
2026-10-16,10,put,735.0,0.28,0.29,218.0,31003.0
2026-10-16,10,put,736.0,0.29,0.3,8.0,38091.0
2026-10-16,10,put,737.0,0.3,0.31,18.0,5347.0
2026-10-16,10,put,738.0,0.31,0.32,54.0,8860.0
2026-10-16,10,put,739.0,0.32,0.33,21.0,21018.0
2026-10-16,10,put,740.0,0.33,0.34,2189.0,59441.0
2026-10-16,10,put,741.0,0.35,0.36,28.0,4515.0
2026-10-16,10,put,742.0,0.36,0.37,60.0,9815.0
2026-10-16,10,put,743.0,0.38,0.39,221.0,4706.0
2026-10-16,10,put,744.0,0.39,0.4,104.0,4034.0
2026-10-16,10,put,745.0,0.41,0.42,20780.0,60238.0
2026-10-16,10,put,746.0,0.44,0.45,74.0,2197.0
2026-10-16,10,put,747.0,0.46,0.47,50.0,4141.0
2026-10-16,10,put,748.0,0.48,0.5,344.0,4455.0
2026-10-16,10,put,749.0,0.52,0.53,94.0,5482.0
2026-10-16,10,put,750.0,0.54,0.55,18656.0,59283.0
2026-10-16,10,put,751.0,0.57,0.58,708.0,14188.0
2026-10-16,10,put,752.0,0.6,0.62,291.0,4709.0
2026-10-16,10,put,753.0,0.65,0.66,387.0,31785.0
2026-10-16,10,put,754.0,0.68,0.7,162.0,3554.0
2026-10-16,10,put,755.0,0.72,0.74,1702.0,24266.0
2026-10-16,10,put,756.0,0.78,0.79,344.0,2689.0
2026-10-16,10,put,757.0,0.83,0.84,179.0,28069.0
2026-10-16,10,put,758.0,0.89,0.9,136.0,4946.0
2026-10-16,10,put,759.0,0.96,0.97,480.0,6514.0
2026-10-16,10,put,760.0,1.02,1.03,5151.0,24214.0
2026-10-16,10,put,761.0,1.1,1.12,869.0,3984.0
2026-10-16,10,put,762.0,1.18,1.19,533.0,4375.0
2026-10-16,10,put,763.0,1.28,1.29,1256.0,4097.0
2026-10-16,10,put,764.0,1.38,1.4,711.0,2872.0
2026-10-16,10,put,765.0,1.5,1.51,3838.0,20110.0
2026-10-16,10,put,766.0,1.63,1.64,258.0,5525.0
2026-10-16,10,put,767.0,1.76,1.78,322.0,7831.0
2026-10-16,10,put,768.0,1.9,1.92,509.0,15727.0
2026-10-16,10,put,769.0,2.06,2.07,368.0,4434.0
2026-10-16,10,put,770.0,2.24,2.26,4039.0,19422.0
2026-10-16,10,put,771.0,2.44,2.45,445.0,3268.0
2026-10-16,10,put,772.0,2.65,2.67,1024.0,4163.0
2026-10-16,10,put,773.0,2.88,2.9,462.0,2977.0
2026-10-16,10,put,774.0,3.13,3.16,4512.0,3642.0
2026-10-16,10,put,775.0,3.42,3.43,3478.0,9084.0
2026-10-16,10,put,776.0,3.71,3.74,492.0,1817.0
2026-10-16,10,put,777.0,4.04,4.07,931.0,1940.0
2026-10-16,10,put,778.0,4.39,4.42,3207.0,1113.0
2026-10-16,10,put,779.0,4.78,4.8,2008.0,1243.0
2026-10-16,10,put,780.0,5.23,5.25,5664.0,5767.0
2026-10-16,10,put,781.0,5.62,5.65,766.0,819.0
2026-10-16,10,put,782.0,6.11,6.14,288.0,705.0
2026-10-16,10,put,783.0,6.58,6.61,262.0,336.0
2026-10-16,10,put,784.0,7.1,7.18,154.0,257.0
2026-10-16,10,put,785.0,7.7,7.79,525.0,7230.0
2026-10-16,10,put,786.0,8.22,8.38,206.0,118.0
2026-10-16,10,put,787.0,8.88,9.06,198.0,91.0
2026-10-16,10,put,788.0,9.53,9.73,78.0,87.0
2026-10-16,10,put,789.0,10.18,10.45,5.0,3.0
2026-10-16,10,put,790.0,10.9,11.1,134.0,647.0
2026-10-16,10,put,791.0,11.59,11.9,2.0,5.0
2026-10-16,10,put,792.0,12.34,12.66,5.0,3.0
2026-10-16,10,put,793.0,13.15,13.52,100.0,0.0
2026-10-16,10,put,794.0,13.96,14.34,2.0,1.0
2026-10-16,10,put,795.0,14.82,15.2,3.0,14.0
2026-10-16,10,put,796.0,15.62,17.26,180.0,1.0
2026-10-16,10,put,797.0,16.3,18.44,42.0,0.0
2026-10-16,10,put,798.0,16.41,19.07,2.0,0.0
2026-10-16,10,put,799.0,17.34,20.06,2.0,0.0
2026-10-16,10,put,800.0,19.31,20.97,18.0,538.0
2026-10-16,10,put,801.0,19.24,21.96,0.0,0.0
2026-10-16,10,put,802.0,20.21,22.95,1.0,0.0
2026-10-16,10,put,803.0,21.2,23.89,2.0,0.0
2026-10-16,10,put,804.0,22.19,24.84,2.0,0.0
2026-10-16,10,put,805.0,23.18,25.88,264.0,15.0
2026-10-16,10,put,806.0,24.17,26.87,3.0,0.0
2026-10-16,10,put,807.0,25.17,27.84,6.0,0.0
2026-10-16,10,put,809.0,27.14,29.83,0.0,0.0
2026-10-16,10,put,810.0,28.16,30.82,2.0,16.0
2026-10-16,10,put,815.0,33.14,35.81,1.0,2.0
2026-10-16,10,put,820.0,38.15,40.83,1.0,0.0
2026-10-16,10,put,825.0,43.15,45.86,1.0,0.0
2026-10-16,10,put,830.0,48.16,50.84,20.0,11.0
2026-10-16,10,put,835.0,53.16,55.85,4.0,0.0
2026-10-16,10,put,840.0,58.15,60.84,1.0,0.0
2026-10-16,10,put,845.0,63.15,65.84,2.0,0.0
2026-10-16,10,put,850.0,68.16,70.86,18.0,8.0
2026-10-16,10,put,855.0,73.15,75.82,3.0,0.0
2026-10-16,10,put,860.0,78.16,80.82,1.0,0.0
2026-10-16,10,put,865.0,99.07,102.93,1.0,0.0
2026-10-16,10,put,870.0,88.14,90.84,0.0,0.0
2026-10-16,10,put,875.0,93.16,95.82,0.0,0.0
2026-10-16,10,put,880.0,98.15,100.84,91.0,91.0
2026-10-16,10,put,885.0,103.16,105.83,11.0,0.0
2026-10-16,10,put,890.0,108.15,110.85,0.0,0.0
2026-10-16,10,put,895.0,113.15,115.86,4.0,0.0
2026-10-16,10,put,925.0,143.16,145.85,0.0,0.0
2026-10-16,10,put,930.0,148.16,150.84,0.0,0.0
2026-10-16,10,put,935.0,153.16,155.9,0.0,0.0
2026-10-16,10,put,940.0,158.15,160.84,0.0,0.0
2026-10-16,10,put,945.0,163.16,165.85,0.0,0.0
2026-10-16,10,put,950.0,168.15,170.84,0.0,0.0
2026-10-16,10,put,960.0,178.16,180.8,0.0,0.0
2026-10-16,10,put,970.0,188.16,190.8,0.0,0.0
2026-10-16,10,put,985.0,203.16,205.84,0.0,0.0
2026-10-16,10,put,990.0,208.16,210.88,2.0,0.0
2026-10-16,10,put,1000.0,253.4,262.51,0.0,0.0
2026-11-06,31,call,640.0,141.93,144.64,2.0,0.0
2026-11-06,31,call,660.0,122.12,124.85,0.0,1.0
2026-11-06,31,call,675.0,107.3,110.03,0.0,3.0
2026-11-06,31,call,680.0,102.39,105.1,0.0,12.0
2026-11-06,31,call,685.0,97.44,100.13,1.0,5.0
2026-11-06,31,call,690.0,92.52,95.16,1.0,1.0
2026-11-06,31,call,695.0,87.58,90.34,0.0,1.0
2026-11-06,31,call,700.0,82.74,85.48,4.0,10.0
2026-11-06,31,call,705.0,77.83,80.44,1.0,2.0
2026-11-06,31,call,710.0,72.96,75.75,3.0,7.0
2026-11-06,31,call,718.0,65.22,67.98,4.0,4.0
2026-11-06,31,call,719.0,64.28,67.06,0.0,3.0
2026-11-06,31,call,721.0,62.32,65.07,0.0,1.0
2026-11-06,31,call,722.0,61.4,64.18,0.0,1.0
2026-11-06,31,call,723.0,60.42,63.2,0.0,3.0
2026-11-06,31,call,724.0,59.47,62.24,0.0,12.0
2026-11-06,31,call,725.0,58.52,61.28,5.0,10.0
2026-11-06,31,call,726.0,57.54,60.3,0.0,1.0
2026-11-06,31,call,727.0,56.61,59.39,0.0,1.0
2026-11-06,31,call,728.0,55.64,58.43,0.0,1.0
2026-11-06,31,call,729.0,54.71,57.23,1.0,1.0
2026-11-06,31,call,730.0,53.76,56.19,10.0,35.0
2026-11-06,31,call,731.0,52.84,55.44,35.0,2.0
2026-11-06,31,call,733.0,50.95,53.72,0.0,2.0
2026-11-06,31,call,734.0,50.03,52.47,0.0,10.0
2026-11-06,31,call,735.0,49.08,51.82,4.0,15.0
2026-11-06,31,call,736.0,48.14,50.59,0.0,2.0
2026-11-06,31,call,737.0,47.18,49.96,12.0,12.0
2026-11-06,31,call,738.0,46.24,48.69,8.0,7.0
2026-11-06,31,call,739.0,45.33,48.08,0.0,27.0
2026-11-06,31,call,740.0,44.42,47.07,8.0,48.0
2026-11-06,31,call,741.0,43.46,45.13,1.0,7.0
2026-11-06,31,call,742.0,42.55,45.34,0.0,3.0
2026-11-06,31,call,743.0,41.65,44.44,0.0,15.0
2026-11-06,31,call,744.0,41.92,42.36,0.0,12.0
2026-11-06,31,call,745.0,40.97,41.47,1.0,116.0
2026-11-06,31,call,746.0,40.07,40.53,0.0,3.0
2026-11-06,31,call,747.0,39.18,39.67,1.0,2.0
2026-11-06,31,call,748.0,38.3,38.74,2.0,4.0
2026-11-06,31,call,749.0,36.25,37.87,1.0,2.0
2026-11-06,31,call,750.0,36.52,36.98,2.0,66.0
2026-11-06,31,call,751.0,35.65,36.06,1.0,3.0
2026-11-06,31,call,752.0,34.78,35.2,2.0,9.0
2026-11-06,31,call,753.0,32.74,34.31,1.0,8.0
2026-11-06,31,call,754.0,31.89,33.45,0.0,13.0
2026-11-06,31,call,755.0,32.21,32.6,2.0,80.0
2026-11-06,31,call,756.0,30.16,31.71,2.0,5.0
2026-11-06,31,call,757.0,30.59,30.88,2.0,27.0
2026-11-06,31,call,758.0,29.62,29.96,6.0,22.0
2026-11-06,31,call,759.0,28.79,29.12,2.0,28.0
2026-11-06,31,call,760.0,27.96,28.28,9.0,379.0
2026-11-06,31,call,761.0,27.21,27.5,5.0,295.0
2026-11-06,31,call,762.0,26.39,26.69,3.0,133.0
2026-11-06,31,call,763.0,25.6,25.87,1.0,168.0
2026-11-06,31,call,764.0,24.75,25.03,2.0,202.0
2026-11-06,31,call,765.0,24.06,24.22,7.0,471.0
2026-11-06,31,call,766.0,23.23,23.51,5.0,82.0
2026-11-06,31,call,767.0,22.45,22.72,6.0,366.0
2026-11-06,31,call,768.0,21.67,21.9,46.0,127.0
2026-11-06,31,call,769.0,20.94,21.16,8.0,310.0
2026-11-06,31,call,770.0,20.27,20.42,59.0,1253.0
2026-11-06,31,call,771.0,19.49,19.72,54.0,302.0
2026-11-06,31,call,772.0,18.78,19.0,4.0,286.0
2026-11-06,31,call,773.0,18.1,18.28,2.0,1748.0
2026-11-06,31,call,774.0,17.4,17.57,64.0,118.0
2026-11-06,31,call,775.0,16.68,16.86,287.0,1292.0
2026-11-06,31,call,776.0,15.99,16.18,11.0,383.0
2026-11-06,31,call,777.0,15.4,15.59,23.0,257.0
2026-11-06,31,call,778.0,14.75,14.92,201.0,443.0
2026-11-06,31,call,779.0,14.12,14.28,152.0,439.0
2026-11-06,31,call,780.0,13.53,13.65,566.0,579.0
2026-11-06,31,call,781.0,12.94,13.05,196.0,67.0
2026-11-06,31,call,782.0,12.33,12.47,31.0,113.0
2026-11-06,31,call,783.0,11.79,11.89,8.0,43.0
2026-11-06,31,call,784.0,11.21,11.29,28.0,192.0
2026-11-06,31,call,785.0,10.7,10.78,156.0,364.0
2026-11-06,31,call,786.0,10.19,10.26,93.0,90.0
2026-11-06,31,call,787.0,9.67,9.76,62.0,190.0
2026-11-06,31,call,788.0,9.19,9.26,215.0,357.0
2026-11-06,31,call,789.0,8.72,8.8,17.0,62.0
2026-11-06,31,call,790.0,8.23,8.29,384.0,563.0
2026-11-06,31,call,791.0,7.82,7.88,15.0,218.0
2026-11-06,31,call,792.0,7.38,7.45,3.0,209.0
2026-11-06,31,call,793.0,6.97,7.03,40.0,2224.0
2026-11-06,31,call,794.0,6.6,6.66,23.0,138.0
2026-11-06,31,call,795.0,6.22,6.28,325.0,763.0
2026-11-06,31,call,796.0,5.84,5.89,91.0,213.0
2026-11-06,31,call,797.0,5.52,5.57,77.0,198.0
2026-11-06,31,call,798.0,5.16,5.21,36.0,206.0
2026-11-06,31,call,799.0,4.86,4.91,5.0,727.0
2026-11-06,31,call,800.0,4.56,4.61,695.0,1776.0
2026-11-06,31,call,801.0,4.28,4.34,13.0,401.0
2026-11-06,31,call,802.0,4.01,4.05,61.0,370.0
2026-11-06,31,call,803.0,3.75,3.81,17.0,130.0
2026-11-06,31,call,804.0,3.52,3.57,52.0,492.0
2026-11-06,31,call,805.0,3.29,3.33,123.0,595.0
2026-11-06,31,call,806.0,3.06,3.11,13.0,78.0
2026-11-06,31,call,807.0,2.86,2.92,4.0,131.0
2026-11-06,31,call,808.0,2.66,2.7,28.0,177.0
2026-11-06,31,call,809.0,2.49,2.54,1.0,519.0
2026-11-06,31,call,810.0,2.31,2.35,93.0,772.0
2026-11-06,31,call,811.0,2.15,2.19,104.0,345.0
2026-11-06,31,call,812.0,2.0,2.05,9.0,110.0
2026-11-06,31,call,813.0,1.86,1.9,2.0,106.0
2026-11-06,31,call,814.0,1.72,1.76,1.0,51.0
2026-11-06,31,call,815.0,1.61,1.64,80.0,953.0
2026-11-06,31,call,820.0,1.1,1.13,123.0,273.0
2026-11-06,31,call,825.0,0.76,0.78,74.0,263.0
2026-11-06,31,call,830.0,0.53,0.55,27.0,65.0
2026-11-06,31,call,835.0,0.38,0.4,16.0,153.0
2026-11-06,31,call,840.0,0.26,0.28,17.0,48.0
2026-11-06,31,call,845.0,0.2,0.22,1.0,7.0
2026-11-06,31,call,850.0,0.15,0.18,2.0,217.0
2026-11-06,31,call,855.0,0.12,0.14,1.0,47.0
2026-11-06,31,call,860.0,0.1,0.11,2.0,49.0
2026-11-06,31,call,865.0,0.07,0.09,1.0,50.0
2026-11-06,31,call,870.0,0.06,0.08,48.0,51.0
2026-11-06,31,call,875.0,0.05,0.06,9.0,52.0
2026-11-06,31,call,880.0,0.04,0.05,4.0,196.0
2026-11-06,31,call,885.0,0.03,0.05,50.0,72.0
2026-11-06,31,call,890.0,0.02,0.04,1.0,13.0
2026-11-06,31,call,895.0,0.02,0.03,0.0,10.0
2026-11-06,31,call,900.0,0.02,0.03,1.0,3.0
2026-11-06,31,call,905.0,0.01,0.03,40.0,15.0
2026-11-06,31,put,500.0,0.06,0.07,3.0,261.0
2026-11-06,31,put,510.0,0.06,0.08,1.0,6.0
2026-11-06,31,put,525.0,0.08,0.1,1.0,15.0
2026-11-06,31,put,530.0,0.09,0.1,4.0,7.0
2026-11-06,31,put,535.0,0.09,0.11,1.0,2.0
2026-11-06,31,put,540.0,0.1,0.11,10.0,16.0
2026-11-06,31,put,545.0,0.1,0.12,150.0,400.0
2026-11-06,31,put,550.0,0.11,0.13,30.0,186.0
2026-11-06,31,put,555.0,0.12,0.13,1.0,23.0
2026-11-06,31,put,560.0,0.13,0.14,2.0,10.0
2026-11-06,31,put,565.0,0.14,0.15,30.0,47.0
2026-11-06,31,put,570.0,0.14,0.16,1.0,13.0
2026-11-06,31,put,575.0,0.15,0.17,1.0,156.0
2026-11-06,31,put,580.0,0.16,0.18,7.0,18.0
2026-11-06,31,put,585.0,0.18,0.19,1.0,36.0
2026-11-06,31,put,590.0,0.18,0.2,1.0,11.0
2026-11-06,31,put,595.0,0.2,0.22,0.0,3.0
2026-11-06,31,put,600.0,0.21,0.23,1.0,386.0
2026-11-06,31,put,605.0,0.23,0.24,2.0,19.0
2026-11-06,31,put,610.0,0.24,0.26,5.0,89.0
2026-11-06,31,put,615.0,0.26,0.28,2.0,567.0
2026-11-06,31,put,620.0,0.27,0.29,23.0,123.0
2026-11-06,31,put,625.0,0.3,0.31,10.0,662.0
2026-11-06,31,put,630.0,0.31,0.33,5.0,440.0
2026-11-06,31,put,635.0,0.33,0.35,1.0,940.0
2026-11-06,31,put,640.0,0.35,0.38,10.0,358.0
2026-11-06,31,put,645.0,0.38,0.4,2.0,5245.0
2026-11-06,31,put,650.0,0.42,0.43,8.0,8137.0
2026-11-06,31,put,655.0,0.44,0.46,6.0,70.0
2026-11-06,31,put,660.0,0.47,0.49,2.0,389.0
2026-11-06,31,put,665.0,0.51,0.53,5.0,291.0
2026-11-06,31,put,670.0,0.55,0.56,306.0,73.0
2026-11-06,31,put,675.0,0.59,0.61,11.0,1081.0
2026-11-06,31,put,680.0,0.64,0.65,36.0,1026.0
2026-11-06,31,put,685.0,0.69,0.72,19.0,389.0
2026-11-06,31,put,690.0,0.75,0.78,67.0,565.0
2026-11-06,31,put,695.0,0.83,0.85,25.0,655.0
2026-11-06,31,put,700.0,0.93,0.94,145.0,13018.0
2026-11-06,31,put,705.0,1.01,1.04,118.0,429.0
2026-11-06,31,put,710.0,1.13,1.15,97.0,492.0
2026-11-06,31,put,715.0,1.28,1.29,71.0,647.0
2026-11-06,31,put,716.0,1.29,1.32,13.0,101.0
2026-11-06,31,put,717.0,1.33,1.36,6.0,64.0
2026-11-06,31,put,718.0,1.36,1.38,2.0,187.0
2026-11-06,31,put,719.0,1.39,1.42,12.0,63.0
2026-11-06,31,put,720.0,1.42,1.45,43.0,639.0
2026-11-06,31,put,721.0,1.46,1.48,17.0,168.0
2026-11-06,31,put,722.0,1.5,1.52,2.0,222.0
2026-11-06,31,put,723.0,1.54,1.56,6.0,129.0
2026-11-06,31,put,724.0,1.58,1.6,11.0,307.0
2026-11-06,31,put,725.0,1.63,1.65,124.0,3314.0
2026-11-06,31,put,726.0,1.67,1.68,6.0,109.0
2026-11-06,31,put,727.0,1.71,1.73,15.0,272.0
2026-11-06,31,put,728.0,1.75,1.78,25.0,214.0
2026-11-06,31,put,729.0,1.8,1.83,11.0,299.0
2026-11-06,31,put,730.0,1.85,1.88,272.0,2181.0
2026-11-06,31,put,731.0,1.9,1.93,32.0,316.0
2026-11-06,31,put,732.0,1.96,1.98,14.0,294.0
2026-11-06,31,put,733.0,2.02,2.05,29.0,238.0
2026-11-06,31,put,734.0,2.07,2.1,13.0,426.0
2026-11-06,31,put,735.0,2.15,2.16,212.0,920.0
2026-11-06,31,put,736.0,2.2,2.22,10.0,148.0
2026-11-06,31,put,737.0,2.27,2.3,25.0,228.0
2026-11-06,31,put,738.0,2.33,2.36,14.0,197.0
2026-11-06,31,put,739.0,2.39,2.43,46.0,379.0
2026-11-06,31,put,740.0,2.47,2.49,157.0,1551.0
2026-11-06,31,put,741.0,2.55,2.58,23.0,166.0
2026-11-06,31,put,742.0,2.63,2.66,15.0,138.0
2026-11-06,31,put,743.0,2.71,2.74,18.0,185.0
2026-11-06,31,put,744.0,2.8,2.82,38.0,283.0
2026-11-06,31,put,745.0,2.89,2.93,76.0,567.0
2026-11-06,31,put,746.0,2.99,3.03,14.0,314.0
2026-11-06,31,put,747.0,3.08,3.13,48.0,154.0
2026-11-06,31,put,748.0,3.17,3.22,44.0,501.0
2026-11-06,31,put,749.0,3.3,3.33,18.0,118.0
2026-11-06,31,put,750.0,3.42,3.44,413.0,12433.0
2026-11-06,31,put,751.0,3.53,3.56,36.0,106.0
2026-11-06,31,put,752.0,3.64,3.68,19.0,128.0
2026-11-06,31,put,753.0,3.74,3.8,135.0,436.0
2026-11-06,31,put,754.0,3.88,3.94,24.0,97.0
2026-11-06,31,put,755.0,4.05,4.08,65.0,573.0
2026-11-06,31,put,756.0,4.17,4.22,11.0,146.0
2026-11-06,31,put,757.0,4.31,4.37,31.0,314.0
2026-11-06,31,put,758.0,4.48,4.52,41.0,616.0
2026-11-06,31,put,759.0,4.63,4.68,22.0,207.0
2026-11-06,31,put,760.0,4.8,4.86,260.0,1513.0
2026-11-06,31,put,761.0,5.0,5.04,6.0,393.0
2026-11-06,31,put,762.0,5.17,5.21,11.0,1596.0
2026-11-06,31,put,763.0,5.36,5.42,33.0,428.0
2026-11-06,31,put,764.0,5.56,5.62,34.0,245.0
2026-11-06,31,put,765.0,5.77,5.82,164.0,1677.0
2026-11-06,31,put,766.0,6.0,6.05,10.0,185.0
2026-11-06,31,put,767.0,6.22,6.28,21.0,211.0
2026-11-06,31,put,768.0,6.46,6.53,102.0,430.0
2026-11-06,31,put,769.0,6.71,6.78,32.0,279.0
2026-11-06,31,put,770.0,6.95,7.03,138.0,734.0
2026-11-06,31,put,771.0,7.23,7.32,73.0,213.0
2026-11-06,31,put,772.0,7.52,7.6,66.0,248.0
2026-11-06,31,put,773.0,7.79,7.87,9.0,92.0
2026-11-06,31,put,774.0,8.13,8.21,5.0,307.0
2026-11-06,31,put,775.0,8.47,8.53,205.0,890.0
2026-11-06,31,put,776.0,8.78,8.86,57.0,325.0
2026-11-06,31,put,777.0,9.14,9.21,141.0,282.0
2026-11-06,31,put,778.0,9.47,9.57,266.0,264.0
2026-11-06,31,put,779.0,9.87,9.96,86.0,23.0
2026-11-06,31,put,780.0,10.27,10.36,171.0,119.0
2026-11-06,31,put,781.0,10.64,10.74,306.0,7.0
2026-11-06,31,put,782.0,11.09,11.2,20.0,4.0
2026-11-06,31,put,783.0,11.52,11.63,1.0,3.0
2026-11-06,31,put,784.0,11.99,12.11,2.0,2.0
2026-11-06,31,put,785.0,12.43,12.54,16.0,6.0
2026-11-06,31,put,786.0,12.94,13.06,2.0,2.0
2026-11-06,31,put,787.0,13.43,13.56,2.0,3.0
2026-11-06,31,put,790.0,15.07,15.23,72.0,25.0
2026-11-06,31,put,795.0,18.09,18.28,30.0,96.0
2026-11-06,31,put,796.0,18.77,18.99,30.0,80.0
2026-11-06,31,put,800.0,21.58,21.87,5.0,14.0
2026-11-06,31,put,806.0,26.27,26.68,1.0,0.0
2026-11-06,31,put,811.0,29.56,32.29,1.0,1.0
2026-11-06,31,put,812.0,30.41,33.2,2.0,1.0
2026-11-30,55,call,475.0,291.08,295.45,2.0,0.0
2026-11-30,55,call,480.0,302.36,305.05,29.0,29.0
2026-11-30,55,call,485.0,281.33,285.5,0.0,0.0
2026-11-30,55,call,500.0,282.46,285.26,1.0,2.0
2026-11-30,55,call,520.0,262.71,265.39,2.0,8.0
2026-11-30,55,call,545.0,237.97,240.73,27.0,31.0
2026-11-30,55,call,550.0,233.03,235.79,2.0,4.0
2026-11-30,55,call,555.0,228.08,230.84,4.0,5.0
2026-11-30,55,call,560.0,206.58,215.44,1.0,3.0
2026-11-30,55,call,570.0,198.93,202.32,2.0,1.0
2026-11-30,55,call,575.0,208.29,211.06,1.0,2.0
2026-11-30,55,call,580.0,203.35,206.13,4.0,15.0
2026-11-30,55,call,584.0,199.4,202.16,11.0,11.0
2026-11-30,55,call,585.0,198.43,201.19,1.0,8.0
2026-11-30,55,call,590.0,0.0,0.0,0.0,0.0
2026-11-30,55,call,591.0,192.46,195.17,0.0,4.0
2026-11-30,55,call,592.0,191.52,194.25,0.0,1.0
2026-11-30,55,call,595.0,174.22,177.37,1.0,2.0
2026-11-30,55,call,598.0,185.57,188.27,0.0,1.0
2026-11-30,55,call,600.0,183.55,186.31,10.0,21.0
2026-11-30,55,call,605.0,178.67,181.42,1.0,8.0
2026-11-30,55,call,609.0,174.71,177.49,2.0,15.0
2026-11-30,55,call,610.0,157.9,161.75,0.0,0.0
2026-11-30,55,call,615.0,168.78,171.58,2.0,4.0
2026-11-30,55,call,617.0,166.85,169.59,0.0,0.0
2026-11-30,55,call,620.0,163.86,166.66,1.0,12.0
2026-11-30,55,call,622.0,161.91,164.66,0.0,1.0
2026-11-30,55,call,625.0,158.92,161.53,1.0,1.0
2026-11-30,55,call,630.0,154.05,156.78,2.0,5.0
2026-11-30,55,call,635.0,149.11,151.9,1.0,3.0
2026-11-30,55,call,637.0,147.17,149.94,0.0,1.0
2026-11-30,55,call,640.0,144.21,146.45,1.0,165.0
2026-11-30,55,call,645.0,124.21,132.48,1.0,16.0
2026-11-30,55,call,650.0,134.38,136.93,1.0,15.0
2026-11-30,55,call,655.0,128.81,131.52,2.0,855.0
2026-11-30,55,call,658.0,126.55,129.19,0.0,23.0
2026-11-30,55,call,660.0,124.58,126.79,1.0,981.0
2026-11-30,55,call,665.0,119.75,121.32,321.0,1606.0
2026-11-30,55,call,666.0,118.74,121.56,1.0,2.0
2026-11-30,55,call,668.0,116.79,119.37,0.0,1.0
2026-11-30,55,call,670.0,114.77,116.76,86.0,1377.0
2026-11-30,55,call,672.0,100.95,104.14,2.0,1.0
2026-11-30,55,call,673.0,111.96,114.01,16.0,332.0
2026-11-30,55,call,674.0,110.27,113.11,7.0,108.0
2026-11-30,55,call,675.0,109.33,112.14,1.0,209.0
2026-11-30,55,call,676.0,92.62,97.59,16.0,0.0
2026-11-30,55,call,677.0,93.89,97.25,0.0,1.0
2026-11-30,55,call,678.0,107.0,108.65,1.0,127.0
2026-11-30,55,call,679.0,106.12,108.21,4.0,110.0
2026-11-30,55,call,680.0,105.15,107.62,1.0,95.0
2026-11-30,55,call,681.0,104.16,106.93,2.0,32.0
2026-11-30,55,call,682.0,86.93,90.67,8.0,0.0
2026-11-30,55,call,683.0,102.2,104.96,4.0,40.0
2026-11-30,55,call,684.0,86.99,89.95,56.0,0.0
2026-11-30,55,call,685.0,100.27,102.89,1.0,28.0
2026-11-30,55,call,686.0,84.48,87.97,4.0,0.0
2026-11-30,55,call,687.0,82.22,90.76,19.0,0.0
2026-11-30,55,call,688.0,97.37,100.17,1.0,33.0
2026-11-30,55,call,689.0,86.1,88.87,14.0,0.0
2026-11-30,55,call,690.0,95.51,98.16,1.0,30.0
2026-11-30,55,call,691.0,94.51,97.26,3.0,52.0
2026-11-30,55,call,692.0,77.54,79.76,4.0,0.0
2026-11-30,55,call,693.0,91.91,94.69,1.0,197.0
2026-11-30,55,call,694.0,91.58,94.31,4.0,14.0
2026-11-30,55,call,695.0,90.63,93.35,1.0,17.0
2026-11-30,55,call,696.0,89.64,91.83,3.0,102.0
2026-11-30,55,call,697.0,88.74,91.53,1.0,21.0
2026-11-30,55,call,698.0,87.71,90.48,3.0,17.0
2026-11-30,55,call,699.0,86.78,88.39,1.0,127.0
2026-11-30,55,call,700.0,85.82,87.96,4.0,313.0
2026-11-30,55,call,701.0,84.93,87.71,3.0,21.0
2026-11-30,55,call,702.0,0.0,0.0,24.0,0.0
2026-11-30,55,call,703.0,82.96,85.78,4.0,23.0
2026-11-30,55,call,704.0,68.87,71.19,1.0,0.0
2026-11-30,55,call,705.0,81.04,83.22,1.0,278.0
2026-11-30,55,call,706.0,80.17,82.86,1.0,41.0
2026-11-30,55,call,707.0,79.17,81.94,3.0,42.0
2026-11-30,55,call,708.0,78.26,81.02,4.0,12.0
2026-11-30,55,call,709.0,76.62,80.1,1.0,22.0
2026-11-30,55,call,710.0,76.38,78.03,1.0,106.0
2026-11-30,55,call,711.0,75.39,77.83,5.0,14.0
2026-11-30,55,call,712.0,0.0,0.0,4.0,0.0
2026-11-30,55,call,713.0,73.53,76.32,1.0,26.0
2026-11-30,55,call,714.0,72.56,75.37,1.0,11.0
2026-11-30,55,call,715.0,71.11,73.56,1.0,156.0
2026-11-30,55,call,716.0,70.72,72.38,2.0,157.0
2026-11-30,55,call,717.0,69.78,72.23,1.0,85.0
2026-11-30,55,call,718.0,68.8,71.62,1.0,59.0
2026-11-30,55,call,719.0,67.87,70.68,4.0,16.0
2026-11-30,55,call,720.0,66.98,68.53,2.0,402.0
2026-11-30,55,call,721.0,66.01,68.8,5.0,21.0
2026-11-30,55,call,722.0,65.07,67.82,1.0,25.0
2026-11-30,55,call,723.0,64.15,67.03,1.0,1.0
2026-11-30,55,call,724.0,63.23,64.98,4.0,175.0
2026-11-30,55,call,725.0,62.32,64.27,1.0,241.0
2026-11-30,55,call,726.0,61.55,62.99,4.0,213.0
2026-11-30,55,call,727.0,60.5,63.29,1.0,10.0
2026-11-30,55,call,728.0,60.61,61.13,5.0,230.0
2026-11-30,55,call,729.0,59.85,60.31,2.0,30.0
2026-11-30,55,call,730.0,58.84,59.3,1.0,667.0
2026-11-30,55,call,731.0,58.0,58.46,1.0,74.0
2026-11-30,55,call,732.0,57.13,57.5,30.0,351.0
2026-11-30,55,call,733.0,56.16,56.59,1.0,205.0
2026-11-30,55,call,734.0,55.25,55.73,10.0,44.0
2026-11-30,55,call,735.0,54.39,54.84,1.0,896.0
2026-11-30,55,call,736.0,53.42,53.88,1.0,275.0
2026-11-30,55,call,737.0,52.52,52.99,1.0,369.0
2026-11-30,55,call,738.0,50.52,53.3,2.0,93.0
2026-11-30,55,call,739.0,50.81,51.26,1.0,98.0
2026-11-30,55,call,740.0,49.95,50.37,6.0,556.0
2026-11-30,55,call,741.0,49.05,49.48,1.0,166.0
2026-11-30,55,call,742.0,48.17,48.6,2.0,106.0
2026-11-30,55,call,743.0,46.13,48.89,2.0,256.0
2026-11-30,55,call,744.0,46.44,46.83,1.0,514.0
2026-11-30,55,call,745.0,45.58,45.97,8.0,596.0
2026-11-30,55,call,746.0,44.68,45.08,1.0,509.0
2026-11-30,55,call,747.0,43.85,44.22,2.0,710.0
2026-11-30,55,call,748.0,42.99,43.37,1.0,104.0
2026-11-30,55,call,749.0,42.14,42.49,1.0,157.0
2026-11-30,55,call,750.0,40.11,42.72,4.0,821.0
2026-11-30,55,call,751.0,40.44,40.8,1.0,216.0
2026-11-30,55,call,752.0,39.6,39.96,6.0,196.0
2026-11-30,55,call,753.0,38.78,39.11,2.0,278.0
2026-11-30,55,call,754.0,37.99,38.24,3.0,152.0
2026-11-30,55,call,755.0,37.08,37.4,10.0,327.0
2026-11-30,55,call,756.0,36.26,36.57,1.0,375.0
2026-11-30,55,call,757.0,35.49,35.8,1.0,225.0
2026-11-30,55,call,758.0,34.62,34.94,3.0,2051.0
2026-11-30,55,call,759.0,33.9,34.19,2.0,201.0
2026-11-30,55,call,760.0,33.04,33.32,7.0,2675.0
2026-11-30,55,call,761.0,32.3,32.57,8.0,332.0
2026-11-30,55,call,762.0,31.51,31.82,6.0,585.0
2026-11-30,55,call,763.0,30.75,31.01,2.0,863.0
2026-11-30,55,call,764.0,29.99,30.24,2.0,522.0
2026-11-30,55,call,765.0,29.18,29.42,4.0,1208.0
2026-11-30,55,call,766.0,28.4,28.66,11.0,412.0
2026-11-30,55,call,767.0,27.74,27.92,1.0,336.0
2026-11-30,55,call,768.0,26.91,27.15,1.0,637.0
2026-11-30,55,call,769.0,26.19,26.42,12.0,423.0
2026-11-30,55,call,770.0,25.51,25.72,36.0,1595.0
2026-11-30,55,call,771.0,24.79,24.99,7.0,571.0
2026-11-30,55,call,772.0,24.11,24.29,10.0,940.0
2026-11-30,55,call,773.0,23.33,23.58,1.0,1165.0
2026-11-30,55,call,774.0,22.7,22.89,15.0,527.0
2026-11-30,55,call,775.0,22.04,22.22,217.0,1032.0
2026-11-30,55,call,776.0,21.37,21.54,5.0,517.0
2026-11-30,55,call,777.0,20.71,20.87,10.0,624.0
2026-11-30,55,call,778.0,20.02,20.18,122.0,636.0
2026-11-30,55,call,779.0,19.42,19.57,60.0,1342.0
2026-11-30,55,call,780.0,18.75,18.89,62.0,3908.0
2026-11-30,55,call,781.0,18.16,18.31,17.0,729.0
2026-11-30,55,call,782.0,17.6,17.64,18.0,487.0
2026-11-30,55,call,783.0,17.0,17.05,4.0,553.0
2026-11-30,55,call,784.0,16.42,16.46,2.0,124.0
2026-11-30,55,call,785.0,15.85,15.89,104.0,1103.0
2026-11-30,55,call,786.0,15.28,15.33,11.0,312.0
2026-11-30,55,call,787.0,14.73,14.77,10.0,270.0
2026-11-30,55,call,788.0,14.2,14.25,3.0,338.0
2026-11-30,55,call,789.0,13.68,13.72,6.0,1391.0
2026-11-30,55,call,790.0,13.15,13.2,122.0,2529.0
2026-11-30,55,call,791.0,12.62,12.67,21.0,508.0
2026-11-30,55,call,792.0,12.16,12.2,2.0,189.0
2026-11-30,55,call,793.0,11.65,11.69,34.0,672.0
2026-11-30,55,call,794.0,11.18,11.21,98.0,288.0
2026-11-30,55,call,795.0,10.77,10.8,109.0,1041.0
2026-11-30,55,call,796.0,10.33,10.36,275.0,354.0
2026-11-30,55,call,797.0,9.9,9.94,108.0,382.0
2026-11-30,55,call,798.0,9.5,9.54,72.0,117.0
2026-11-30,55,call,799.0,9.09,9.13,9.0,413.0
2026-11-30,55,call,800.0,8.7,8.73,133.0,2684.0
2026-11-30,55,call,801.0,8.32,8.35,94.0,743.0
2026-11-30,55,call,802.0,7.96,8.0,89.0,926.0
2026-11-30,55,call,803.0,7.57,7.6,36.0,823.0
2026-11-30,55,call,804.0,7.26,7.3,18.0,189.0
2026-11-30,55,call,805.0,6.9,6.93,23.0,438.0
2026-11-30,55,call,806.0,6.61,6.63,27.0,21117.0
2026-11-30,55,call,807.0,6.3,6.32,10.0,468.0
2026-11-30,55,call,808.0,5.98,6.01,7.0,1318.0
2026-11-30,55,call,809.0,5.72,5.74,38.0,413.0
2026-11-30,55,call,810.0,5.42,5.45,53.0,758.0
2026-11-30,55,call,811.0,5.18,5.21,40.0,651.0
2026-11-30,55,call,812.0,4.93,4.95,4.0,1781.0
2026-11-30,55,call,813.0,4.68,4.7,27.0,144.0
2026-11-30,55,call,814.0,4.45,4.48,3.0,199.0
2026-11-30,55,call,815.0,4.23,4.25,154.0,638.0
2026-11-30,55,call,816.0,4.0,4.02,51.0,248.0
2026-11-30,55,call,817.0,3.8,3.83,102.0,417.0
2026-11-30,55,call,818.0,3.62,3.65,46.0,109.0
2026-11-30,55,call,819.0,3.42,3.44,70.0,709.0
2026-11-30,55,call,820.0,3.25,3.27,58.0,2345.0
2026-11-30,55,call,825.0,2.46,2.49,90.0,1015.0
2026-11-30,55,call,830.0,1.85,1.88,19.0,3314.0
2026-11-30,55,call,835.0,1.4,1.43,39.0,1519.0
2026-11-30,55,call,840.0,1.06,1.07,83.0,543.0
2026-11-30,55,call,845.0,0.8,0.81,25.0,442.0
2026-11-30,55,call,850.0,0.62,0.63,5.0,5008.0
2026-11-30,55,call,855.0,0.48,0.49,9.0,185.0
2026-11-30,55,call,860.0,0.38,0.39,42.0,684.0
2026-11-30,55,call,865.0,0.3,0.31,9.0,802.0
2026-11-30,55,call,870.0,0.24,0.25,4.0,1190.0
2026-11-30,55,call,875.0,0.19,0.21,2.0,746.0
2026-11-30,55,call,880.0,0.16,0.17,17.0,1147.0
2026-11-30,55,call,885.0,0.13,0.14,6.0,240.0
2026-11-30,55,call,890.0,0.11,0.12,10.0,269.0
2026-11-30,55,call,895.0,0.09,0.1,17.0,3332.0
2026-11-30,55,call,900.0,0.08,0.09,52.0,4021.0
2026-11-30,55,call,905.0,0.06,0.07,48.0,167.0
2026-11-30,55,call,910.0,0.05,0.06,154.0,248.0
2026-11-30,55,call,915.0,0.04,0.05,236.0,448.0
2026-11-30,55,call,920.0,0.04,0.05,8.0,698.0
2026-11-30,55,put,475.0,0.14,0.15,21.0,1192.0
2026-11-30,55,put,480.0,0.15,0.16,1.0,64.0
2026-11-30,55,put,485.0,0.16,0.17,5.0,274.0
2026-11-30,55,put,490.0,0.17,0.18,1.0,177.0
2026-11-30,55,put,495.0,0.18,0.19,5.0,139.0
2026-11-30,55,put,500.0,0.19,0.2,15.0,494.0
2026-11-30,55,put,505.0,0.2,0.21,2.0,121.0
2026-11-30,55,put,510.0,0.22,0.23,1.0,502.0
2026-11-30,55,put,515.0,0.23,0.24,1.0,122.0
2026-11-30,55,put,520.0,0.24,0.25,1.0,55.0
2026-11-30,55,put,525.0,0.25,0.26,4.0,366.0
2026-11-30,55,put,530.0,0.27,0.28,34.0,584.0
2026-11-30,55,put,535.0,0.29,0.3,2.0,462.0
2026-11-30,55,put,540.0,0.3,0.31,200.0,503.0
2026-11-30,55,put,545.0,0.32,0.33,1.0,485.0
2026-11-30,55,put,550.0,0.34,0.35,21.0,1313.0
2026-11-30,55,put,555.0,0.36,0.37,1.0,758.0
2026-11-30,55,put,560.0,0.38,0.39,12.0,966.0
2026-11-30,55,put,565.0,0.4,0.41,1.0,881.0
2026-11-30,55,put,570.0,0.42,0.43,1.0,76080.0
2026-11-30,55,put,575.0,0.44,0.45,1.0,881.0
2026-11-30,55,put,580.0,0.47,0.48,13.0,2869.0
2026-11-30,55,put,581.0,0.47,0.48,18.0,18.0
2026-11-30,55,put,582.0,0.48,0.49,1.0,18.0
2026-11-30,55,put,584.0,0.49,0.5,0.0,200.0
2026-11-30,55,put,585.0,0.5,0.51,6.0,1501.0
2026-11-30,55,put,586.0,0.5,0.51,1.0,3.0
2026-11-30,55,put,587.0,0.51,0.52,1.0,1.0
2026-11-30,55,put,588.0,0.51,0.52,1.0,2.0
2026-11-30,55,put,589.0,0.52,0.53,2.0,2.0
2026-11-30,55,put,590.0,0.52,0.53,71.0,626.0
2026-11-30,55,put,591.0,0.53,0.54,2.0,23.0
2026-11-30,55,put,592.0,0.54,0.55,2.0,2.0
2026-11-30,55,put,593.0,0.54,0.55,5.0,12.0
2026-11-30,55,put,595.0,0.56,0.57,11.0,599.0
2026-11-30,55,put,596.0,0.56,0.57,280.0,296.0
2026-11-30,55,put,598.0,0.57,0.58,212.0,880.0
2026-11-30,55,put,599.0,0.58,0.59,7.0,11.0
2026-11-30,55,put,600.0,0.59,0.6,1.0,2299.0
2026-11-30,55,put,601.0,0.59,0.6,1.0,3.0
2026-11-30,55,put,602.0,0.6,0.61,84.0,118.0
2026-11-30,55,put,603.0,0.61,0.62,3.0,22.0
2026-11-30,55,put,604.0,0.62,0.63,0.0,1.0
2026-11-30,55,put,605.0,0.62,0.63,62.0,1106.0
2026-11-30,55,put,606.0,0.63,0.64,20.0,57.0
2026-11-30,55,put,607.0,0.64,0.65,1.0,13.0
2026-11-30,55,put,608.0,0.65,0.66,360.0,361.0
2026-11-30,55,put,609.0,0.65,0.66,5.0,215.0
2026-11-30,55,put,610.0,0.66,0.67,4.0,1186.0
2026-11-30,55,put,611.0,0.67,0.68,20.0,27.0
2026-11-30,55,put,612.0,0.68,0.69,87.0,20711.0
2026-11-30,55,put,614.0,0.69,0.7,3.0,6.0
2026-11-30,55,put,615.0,0.7,0.71,1.0,797.0
2026-11-30,55,put,616.0,0.71,0.72,20.0,128.0
2026-11-30,55,put,617.0,0.72,0.73,1.0,1.0
2026-11-30,55,put,618.0,0.73,0.74,1.0,63.0
2026-11-30,55,put,619.0,0.73,0.74,148.0,156.0
2026-11-30,55,put,620.0,0.74,0.75,22.0,699.0
2026-11-30,55,put,621.0,0.75,0.76,0.0,3.0
2026-11-30,55,put,622.0,0.76,0.77,300.0,4.0
2026-11-30,55,put,623.0,0.77,0.78,2.0,1.0
2026-11-30,55,put,624.0,0.78,0.79,300.0,102.0
2026-11-30,55,put,625.0,0.79,0.8,3.0,733.0
2026-11-30,55,put,626.0,0.8,0.81,300.0,25.0
2026-11-30,55,put,627.0,0.81,0.82,39.0,56.0
2026-11-30,55,put,628.0,0.82,0.83,300.0,9.0
2026-11-30,55,put,630.0,0.84,0.85,21.0,448.0
2026-11-30,55,put,631.0,0.84,0.86,2.0,534.0
2026-11-30,55,put,632.0,0.86,0.87,300.0,5.0
2026-11-30,55,put,633.0,0.87,0.88,2.0,11.0
2026-11-30,55,put,634.0,0.88,0.89,4.0,257.0
2026-11-30,55,put,635.0,0.89,0.9,7.0,216.0
2026-11-30,55,put,636.0,0.9,0.91,1.0,135.0
2026-11-30,55,put,637.0,0.91,0.92,103.0,203.0
2026-11-30,55,put,638.0,0.92,0.93,1.0,49.0
2026-11-30,55,put,639.0,0.94,0.95,1.0,31.0
2026-11-30,55,put,640.0,0.95,0.96,18.0,503.0
2026-11-30,55,put,641.0,0.96,0.97,1.0,9.0
2026-11-30,55,put,642.0,0.98,0.99,8.0,121.0
2026-11-30,55,put,643.0,0.98,0.99,18.0,20.0
2026-11-30,55,put,644.0,1.0,1.01,1.0,5.0
2026-11-30,55,put,645.0,1.01,1.02,1.0,73.0
2026-11-30,55,put,646.0,1.02,1.03,2.0,55.0
2026-11-30,55,put,647.0,1.03,1.05,2.0,373.0
2026-11-30,55,put,648.0,1.05,1.06,6.0,26.0
2026-11-30,55,put,649.0,1.06,1.07,1.0,64.0
2026-11-30,55,put,650.0,1.07,1.08,20.0,497.0
2026-11-30,55,put,651.0,1.09,1.1,42.0,66.0
2026-11-30,55,put,652.0,1.1,1.12,4.0,210.0
2026-11-30,55,put,653.0,1.11,1.13,1.0,268.0
2026-11-30,55,put,654.0,1.13,1.14,2.0,3.0
2026-11-30,55,put,655.0,1.15,1.16,1.0,770.0
2026-11-30,55,put,656.0,1.16,1.18,1.0,8.0
2026-11-30,55,put,657.0,1.18,1.19,2.0,12.0
2026-11-30,55,put,658.0,1.19,1.2,2.0,129.0
2026-11-30,55,put,659.0,1.21,1.22,1.0,59.0
2026-11-30,55,put,660.0,1.22,1.23,15.0,1872.0
2026-11-30,55,put,661.0,1.24,1.26,2.0,386.0
2026-11-30,55,put,662.0,1.26,1.27,1.0,1.0
2026-11-30,55,put,663.0,1.27,1.29,2.0,336.0
2026-11-30,55,put,664.0,1.29,1.3,2.0,280.0
2026-11-30,55,put,665.0,1.31,1.32,175.0,997.0
2026-11-30,55,put,666.0,1.33,1.35,1.0,17.0
2026-11-30,55,put,667.0,1.34,1.36,30.0,242.0
2026-11-30,55,put,668.0,1.36,1.37,1.0,225.0
2026-11-30,55,put,669.0,1.38,1.4,1.0,48.0
2026-11-30,55,put,670.0,1.4,1.42,13.0,950.0
2026-11-30,55,put,671.0,1.42,1.44,85.0,85.0
2026-11-30,55,put,672.0,1.44,1.46,1.0,226.0
2026-11-30,55,put,673.0,1.46,1.48,6.0,159.0
2026-11-30,55,put,674.0,1.48,1.5,2.0,235.0
2026-11-30,55,put,675.0,1.5,1.52,14.0,75680.0
2026-11-30,55,put,676.0,1.53,1.54,2.0,142.0
2026-11-30,55,put,677.0,1.55,1.56,69.0,212.0
2026-11-30,55,put,678.0,1.57,1.58,2.0,185.0
2026-11-30,55,put,679.0,1.59,1.61,2.0,738.0
2026-11-30,55,put,680.0,1.62,1.64,1.0,1503.0
2026-11-30,55,put,681.0,1.64,1.65,1.0,481.0
2026-11-30,55,put,682.0,1.67,1.68,1.0,65.0
2026-11-30,55,put,683.0,1.69,1.7,14.0,300.0
2026-11-30,55,put,684.0,1.72,1.74,2.0,18836.0
2026-11-30,55,put,685.0,1.75,1.77,3.0,4351.0
2026-11-30,55,put,686.0,1.78,1.79,1.0,260.0
2026-11-30,55,put,687.0,1.8,1.82,3.0,79.0
2026-11-30,55,put,688.0,1.83,1.84,1.0,290.0
2026-11-30,55,put,689.0,1.86,1.88,1.0,270.0
2026-11-30,55,put,690.0,1.89,1.91,1.0,613.0
2026-11-30,55,put,691.0,1.92,1.94,2.0,81.0
2026-11-30,55,put,692.0,1.95,1.97,2.0,901.0
2026-11-30,55,put,693.0,1.98,1.99,3.0,1451.0
2026-11-30,55,put,694.0,2.02,2.03,1.0,95.0
2026-11-30,55,put,695.0,2.05,2.06,5.0,672.0
2026-11-30,55,put,696.0,2.08,2.1,1.0,114.0
2026-11-30,55,put,697.0,2.12,2.13,8.0,179.0
2026-11-30,55,put,698.0,2.15,2.17,3.0,265.0
2026-11-30,55,put,699.0,2.19,2.2,3.0,95.0
2026-11-30,55,put,700.0,2.24,2.25,60.0,9932.0
2026-11-30,55,put,701.0,2.27,2.28,6.0,983.0
2026-11-30,55,put,702.0,2.31,2.32,4.0,153.0
2026-11-30,55,put,703.0,2.35,2.36,2.0,24.0
2026-11-30,55,put,704.0,2.39,2.4,3.0,298.0
2026-11-30,55,put,705.0,2.44,2.45,8.0,2018.0
2026-11-30,55,put,706.0,2.47,2.49,4.0,253.0
2026-11-30,55,put,707.0,2.52,2.53,2.0,197.0
2026-11-30,55,put,708.0,2.56,2.59,6.0,54.0
2026-11-30,55,put,709.0,2.61,2.62,1.0,471.0
2026-11-30,55,put,710.0,2.66,2.67,28.0,611.0
2026-11-30,55,put,711.0,2.71,2.73,14.0,268.0
2026-11-30,55,put,712.0,2.75,2.78,3.0,1267.0
2026-11-30,55,put,713.0,2.81,2.82,2.0,211.0
2026-11-30,55,put,714.0,2.86,2.88,3.0,416.0
2026-11-30,55,put,715.0,2.92,2.93,49.0,482.0
2026-11-30,55,put,716.0,2.97,3.0,3.0,202.0
2026-11-30,55,put,717.0,3.03,3.06,1.0,241.0
2026-11-30,55,put,718.0,3.08,3.11,14.0,1614.0
2026-11-30,55,put,719.0,3.15,3.17,23.0,198.0
2026-11-30,55,put,720.0,3.22,3.24,17.0,2826.0
2026-11-30,55,put,721.0,3.27,3.29,1.0,241.0
2026-11-30,55,put,722.0,3.34,3.36,18.0,142.0
2026-11-30,55,put,723.0,3.41,3.43,4.0,315.0
2026-11-30,55,put,724.0,3.48,3.5,1.0,407.0
2026-11-30,55,put,725.0,3.56,3.57,132.0,4564.0
2026-11-30,55,put,726.0,3.62,3.64,2.0,658.0
2026-11-30,55,put,727.0,3.7,3.72,4.0,21008.0
2026-11-30,55,put,728.0,3.77,3.8,72.0,808.0
2026-11-30,55,put,729.0,3.85,3.88,16.0,638.0
2026-11-30,55,put,730.0,3.93,3.96,85.0,1449.0
2026-11-30,55,put,731.0,4.02,4.04,2.0,118.0
2026-11-30,55,put,732.0,4.11,4.13,2.0,108.0
2026-11-30,55,put,733.0,4.19,4.22,114.0,535.0
2026-11-30,55,put,734.0,4.28,4.31,42.0,116.0
2026-11-30,55,put,735.0,4.38,4.4,18.0,6216.0
2026-11-30,55,put,736.0,4.47,4.5,5.0,461.0
2026-11-30,55,put,737.0,4.57,4.61,4.0,510.0
2026-11-30,55,put,738.0,4.67,4.7,4.0,495.0
2026-11-30,55,put,739.0,4.79,4.81,9.0,500.0
2026-11-30,55,put,740.0,4.9,4.92,58.0,2686.0
2026-11-30,55,put,741.0,5.01,5.03,2.0,255.0
2026-11-30,55,put,742.0,5.12,5.15,2.0,695.0
2026-11-30,55,put,743.0,5.24,5.26,33.0,390.0
2026-11-30,55,put,744.0,5.35,5.39,214.0,671.0
2026-11-30,55,put,745.0,5.48,5.51,216.0,1795.0
2026-11-30,55,put,746.0,5.61,5.64,137.0,1142.0
2026-11-30,55,put,747.0,5.76,5.78,3.0,246.0
2026-11-30,55,put,748.0,5.89,5.91,179.0,648.0
2026-11-30,55,put,749.0,6.04,6.07,16.0,556.0
2026-11-30,55,put,750.0,6.17,6.21,484.0,3864.0
2026-11-30,55,put,751.0,6.34,6.37,3.0,301.0
2026-11-30,55,put,752.0,6.49,6.52,1.0,440.0
2026-11-30,55,put,753.0,6.66,6.69,4.0,108.0
2026-11-30,55,put,754.0,6.81,6.85,1.0,306.0
2026-11-30,55,put,755.0,7.0,7.03,69.0,676.0
2026-11-30,55,put,756.0,7.17,7.19,7.0,292.0
2026-11-30,55,put,757.0,7.36,7.4,1.0,362.0
2026-11-30,55,put,758.0,7.54,7.57,4.0,238.0
2026-11-30,55,put,759.0,7.74,7.77,77.0,298.0
2026-11-30,55,put,760.0,7.94,7.97,66.0,2754.0
2026-11-30,55,put,761.0,8.15,8.19,9.0,1243.0
2026-11-30,55,put,762.0,8.36,8.4,27.0,504.0
2026-11-30,55,put,763.0,8.59,8.62,4.0,169.0
2026-11-30,55,put,764.0,8.82,8.85,3.0,145.0
2026-11-30,55,put,765.0,9.05,9.09,114.0,831.0
2026-11-30,55,put,766.0,9.3,9.33,47.0,697.0
2026-11-30,55,put,767.0,9.55,9.59,72.0,656.0
2026-11-30,55,put,768.0,9.81,9.85,14.0,476.0
2026-11-30,55,put,769.0,10.08,10.13,66.0,948.0
2026-11-30,55,put,770.0,10.36,10.39,161.0,1665.0
2026-11-30,55,put,771.0,10.64,10.69,33.0,400.0
2026-11-30,55,put,772.0,10.96,10.99,344.0,958.0
2026-11-30,55,put,773.0,11.27,11.31,3.0,531.0
2026-11-30,55,put,774.0,11.59,11.62,7.0,511.0
2026-11-30,55,put,775.0,11.91,11.95,297.0,1527.0
2026-11-30,55,put,776.0,12.22,12.27,7.0,555.0
2026-11-30,55,put,777.0,12.58,12.62,9.0,192.0
2026-11-30,55,put,778.0,12.96,13.0,25.0,160.0
2026-11-30,55,put,779.0,13.3,13.34,89.0,1091.0
2026-11-30,55,put,780.0,13.68,13.72,402.0,869.0
2026-11-30,55,put,781.0,14.07,14.12,17.0,626.0
2026-11-30,55,put,782.0,14.48,14.52,2.0,370.0
2026-11-30,55,put,783.0,14.89,14.95,9.0,188.0
2026-11-30,55,put,784.0,15.34,15.4,10.0,482.0
2026-11-30,55,put,785.0,15.74,15.8,31.0,361.0
2026-11-30,55,put,786.0,16.22,16.28,3.0,77.0
2026-11-30,55,put,787.0,16.69,16.74,31.0,23.0
2026-11-30,55,put,788.0,17.15,17.21,40.0,248.0
2026-11-30,55,put,789.0,17.64,17.7,31.0,32.0
2026-11-30,55,put,790.0,18.16,18.21,14.0,292.0
2026-11-30,55,put,791.0,18.64,18.77,10.0,2.0
2026-11-30,55,put,792.0,19.16,19.33,20.0,7.0
2026-11-30,55,put,794.0,20.32,20.43,3.0,25.0
2026-11-30,55,put,795.0,20.84,21.01,1.0,67.0
2026-11-30,55,put,796.0,21.48,21.65,1.0,12.0
2026-11-30,55,put,800.0,23.97,24.16,1.0,47.0
2026-11-30,55,put,801.0,24.59,24.79,1.0,2.0
2026-11-30,55,put,805.0,27.36,27.6,2.0,8.0
2026-11-30,55,put,807.0,28.79,30.32,0.0,1.0
2026-11-30,55,put,810.0,31.15,31.48,1.0,3.0
2026-11-30,55,put,812.0,32.71,33.08,0.0,0.0
2026-11-30,55,put,813.0,33.48,33.82,2.0,0.0
2026-11-30,55,put,814.0,33.15,35.94,0.0,0.0
2026-11-30,55,put,815.0,35.15,35.61,1.0,0.0
2026-11-30,55,put,816.0,36.0,36.47,1.0,0.0
2026-11-30,55,put,820.0,39.5,41.24,2.0,0.0
2026-11-30,55,put,825.0,43.29,45.92,1.0,0.0
2026-11-30,55,put,830.0,48.19,50.9,15.0,0.0
2026-11-30,55,put,835.0,53.16,55.84,2.0,3.0
2026-11-30,55,put,840.0,75.64,75.94,26.0,0.0
2026-11-30,55,put,845.0,80.69,83.95,1.0,0.0
2026-11-30,55,put,850.0,83.53,86.91,1.0,0.0
2026-11-30,55,put,860.0,78.16,80.86,1.0,2.0
2026-11-30,55,put,865.0,83.16,85.86,1.0,0.0
2026-11-30,55,put,870.0,0.0,0.0,0.0,0.0
2026-11-30,55,put,885.0,120.12,120.99,0.0,0.0
2026-11-30,55,put,900.0,133.5,137.66,1.0,0.0
2026-11-30,55,put,920.0,138.16,140.86,1.0,0.0
2026-12-31,86,call,460.0,322.31,325.66,1.0,23.0
2026-12-31,86,call,470.0,277.2,280.59,0.0,0.0
2026-12-31,86,call,475.0,292.87,295.99,0.0,0.0
2026-12-31,86,call,480.0,302.5,306.18,20.0,20.0
2026-12-31,86,call,485.0,283.11,286.22,1.0,1.0
2026-12-31,86,call,490.0,0.0,0.0,1.0,0.0
2026-12-31,86,call,495.0,0.0,0.0,0.0,0.0
2026-12-31,86,call,500.0,282.61,286.39,15.0,203.0
2026-12-31,86,call,505.0,0.0,0.0,10.0,0.0
2026-12-31,86,call,510.0,0.0,0.0,10.0,0.0
2026-12-31,86,call,515.0,237.29,240.81,2.0,2.0
2026-12-31,86,call,520.0,263.07,266.71,2.0,18.0
2026-12-31,86,call,525.0,258.08,261.73,1.0,7.0
2026-12-31,86,call,530.0,0.0,0.0,2.0,0.0
2026-12-31,86,call,535.0,248.22,251.56,1.0,2.0
2026-12-31,86,call,540.0,243.17,247.03,2.0,20.0
2026-12-31,86,call,545.0,234.58,216.45,3.0,4.0
2026-12-31,86,call,550.0,0.0,0.0,1.0,0.0
2026-12-31,86,call,555.0,0.0,0.0,2.0,0.0
2026-12-31,86,call,560.0,223.7,227.34,11.0,24.0
2026-12-31,86,call,565.0,218.64,222.16,3.0,72.0
2026-12-31,86,call,570.0,0.0,0.0,1.0,0.0
2026-12-31,86,call,575.0,208.68,212.48,1.0,793.0
2026-12-31,86,call,580.0,203.82,207.75,6.0,26.0
2026-12-31,86,call,585.0,199.15,202.85,1.0,21.0
2026-12-31,86,call,590.0,194.17,197.54,1.0,35.0
2026-12-31,86,call,595.0,189.35,192.96,1.0,69.0
2026-12-31,86,call,600.0,184.28,188.08,3.0,441.0
2026-12-31,86,call,605.0,179.65,182.84,1.0,2179.0
2026-12-31,86,call,610.0,174.5,178.24,1.0,387.0
2026-12-31,86,call,615.0,169.68,173.45,1.0,205.0
2026-12-31,86,call,620.0,164.85,168.49,1.0,268.0
2026-12-31,86,call,621.0,0.0,0.0,1.0,0.0
2026-12-31,86,call,622.0,0.0,0.0,1.0,0.0
2026-12-31,86,call,623.0,0.0,0.0,1.0,0.0
2026-12-31,86,call,624.0,144.94,148.4,1.0,785.0
2026-12-31,86,call,625.0,160.0,163.69,2.0,78.0
2026-12-31,86,call,626.0,0.0,0.0,1.0,0.0
2026-12-31,86,call,627.0,0.0,0.0,2.0,0.0
2026-12-31,86,call,628.0,157.0,160.78,2.0,179.0
2026-12-31,86,call,629.0,0.0,0.0,1.0,0.0
2026-12-31,86,call,630.0,139.47,143.24,10.0,0.0
2026-12-31,86,call,631.0,0.0,0.0,1.0,0.0
2026-12-31,86,call,632.0,141.32,144.51,4.0,6.0
2026-12-31,86,call,633.0,151.98,155.9,1.0,32.0
2026-12-31,86,call,634.0,151.17,154.7,3.0,5.0
2026-12-31,86,call,635.0,150.24,154.01,1.0,50.0
2026-12-31,86,call,636.0,137.56,140.76,2.0,33.0
2026-12-31,86,call,637.0,123.0,126.52,2.0,14.0
2026-12-31,86,call,638.0,138.96,142.49,1.0,4.0
2026-12-31,86,call,639.0,146.27,150.1,6.0,22.0
2026-12-31,86,call,640.0,145.3,148.95,1.0,346.0
2026-12-31,86,call,641.0,0.0,0.0,1.0,0.0
2026-12-31,86,call,642.0,143.56,147.13,19.0,57.0
2026-12-31,86,call,643.0,142.16,146.03,1.0,12.0
2026-12-31,86,call,644.0,116.99,120.51,1.0,0.0
2026-12-31,86,call,645.0,140.65,144.29,2.0,59.0
2026-12-31,86,call,646.0,124.97,128.43,1.0,14.0
2026-12-31,86,call,647.0,129.94,133.24,1.0,17.0
2026-12-31,86,call,648.0,137.64,141.17,10.0,33.0
2026-12-31,86,call,649.0,0.0,0.0,2.0,0.0
2026-12-31,86,call,650.0,135.59,139.21,1.0,670.0
2026-12-31,86,call,651.0,123.59,126.79,100.0,74.0
2026-12-31,86,call,652.0,133.79,137.42,1.0,8.0
2026-12-31,86,call,653.0,132.83,136.48,1.0,6.0
2026-12-31,86,call,654.0,131.53,134.95,6.0,8.0
2026-12-31,86,call,655.0,130.9,134.58,50.0,193.0
2026-12-31,86,call,656.0,117.66,119.68,1.0,11.0
2026-12-31,86,call,657.0,128.87,132.6,1.0,9.0
2026-12-31,86,call,658.0,119.58,122.89,2.0,10.0
2026-12-31,86,call,659.0,0.0,118.68,1.0,0.0
2026-12-31,86,call,660.0,126.07,129.76,3.0,121.0
2026-12-31,86,call,661.0,111.6,115.03,2.0,13.0
2026-12-31,86,call,662.0,110.72,114.14,2.0,9.0
2026-12-31,86,call,663.0,123.1,126.8,5.0,16.0
2026-12-31,86,call,664.0,107.11,112.69,1.0,0.0
2026-12-31,86,call,665.0,121.28,124.89,1.0,276.0
2026-12-31,86,call,666.0,120.22,124.09,1.0,9.0
2026-12-31,86,call,667.0,119.36,123.12,1.0,19.0
2026-12-31,86,call,668.0,105.44,108.86,2.0,23.0
2026-12-31,86,call,669.0,107.04,110.26,2.0,213.0
2026-12-31,86,call,670.0,116.5,120.07,1.0,620.0
2026-12-31,86,call,671.0,115.67,119.06,24.0,240.0
2026-12-31,86,call,672.0,101.95,105.42,1.0,8.0
2026-12-31,86,call,673.0,103.4,106.63,2.0,9.0
2026-12-31,86,call,674.0,102.5,105.73,1.0,12.0
2026-12-31,86,call,675.0,111.72,115.61,2.0,757.0
2026-12-31,86,call,676.0,102.87,106.87,1.0,62.0
2026-12-31,86,call,677.0,96.75,99.95,1.0,0.0
2026-12-31,86,call,678.0,109.0,112.42,2.0,166.0
2026-12-31,86,call,679.0,107.92,111.65,1.0,13.0
2026-12-31,86,call,680.0,107.0,110.0,1.0,995.0
2026-12-31,86,call,681.0,106.0,109.65,3.0,135.0
2026-12-31,86,call,682.0,105.6,108.88,3.0,56.0
2026-12-31,86,call,683.0,104.65,107.82,1.0,23.0
2026-12-31,86,call,684.0,103.71,106.87,1.0,0.0
2026-12-31,86,call,685.0,102.76,105.89,1.0,436.0
2026-12-31,86,call,686.0,91.67,94.96,4.0,113.0
2026-12-31,86,call,687.0,100.7,104.26,1.0,109.0
2026-12-31,86,call,688.0,99.75,103.09,5.0,70.0
2026-12-31,86,call,689.0,98.92,102.38,1.0,119.0
2026-12-31,86,call,690.0,97.87,101.15,2.0,339.0
2026-12-31,86,call,691.0,0.0,0.0,2.0,0.0
2026-12-31,86,call,692.0,96.09,99.3,1.0,144.0
2026-12-31,86,call,693.0,95.05,98.5,1.0,57.0
2026-12-31,86,call,694.0,0.0,0.0,2.0,0.0
2026-12-31,86,call,695.0,93.22,96.2,4.0,255.0
2026-12-31,86,call,696.0,92.41,95.59,1.0,861.0
2026-12-31,86,call,697.0,78.36,80.46,1.0,0.0
2026-12-31,86,call,698.0,90.54,93.78,1.0,172.0
2026-12-31,86,call,699.0,89.61,93.04,1.0,257.0
2026-12-31,86,call,700.0,88.68,91.87,2.0,1612.0
2026-12-31,86,call,701.0,87.58,91.19,2.0,209.0
2026-12-31,86,call,702.0,86.82,90.01,9.0,560.0
2026-12-31,86,call,703.0,85.72,89.08,1.0,278.0
2026-12-31,86,call,704.0,84.79,88.14,1.0,326.0
2026-12-31,86,call,705.0,83.87,87.24,2.0,575.0
2026-12-31,86,call,706.0,82.94,86.33,1.0,22.0
2026-12-31,86,call,707.0,82.19,85.4,2.0,132.0
2026-12-31,86,call,708.0,81.1,84.6,2.0,182.0
2026-12-31,86,call,709.0,80.18,83.35,1.0,14.0
2026-12-31,86,call,710.0,79.37,81.59,50.0,263.0
2026-12-31,86,call,711.0,78.45,81.95,2.0,179.0
2026-12-31,86,call,712.0,77.54,79.73,2.0,11.0
2026-12-31,86,call,713.0,76.63,79.87,2.0,33.0
2026-12-31,86,call,714.0,75.6,79.08,2.0,55.0
2026-12-31,86,call,715.0,76.52,77.02,1.0,1133.0
2026-12-31,86,call,716.0,73.92,77.4,2.0,44.0
2026-12-31,86,call,717.0,73.04,76.26,2.0,40.0
2026-12-31,86,call,718.0,72.08,74.28,1.0,238.0
2026-12-31,86,call,719.0,71.24,74.57,1.0,77.0
2026-12-31,86,call,720.0,70.39,73.86,1.0,1994.0
2026-12-31,86,call,721.0,69.54,72.62,4.0,79.0
2026-12-31,86,call,722.0,68.66,72.01,1.0,199.0
2026-12-31,86,call,723.0,67.74,69.81,3.0,47.0
2026-12-31,86,call,724.0,66.88,68.82,4.0,242.0
2026-12-31,86,call,725.0,65.97,67.96,2.0,381.0
2026-12-31,86,call,727.0,64.33,67.52,5.0,2.0
2026-12-31,86,call,728.0,63.43,66.63,3.0,29.0
2026-12-31,86,call,730.0,61.65,63.57,2.0,859.0
2026-12-31,86,call,731.0,60.87,63.76,0.0,1.0
2026-12-31,86,call,732.0,59.91,62.94,0.0,1.0
2026-12-31,86,call,733.0,59.19,62.15,2.0,1.0
2026-12-31,86,call,734.0,58.3,61.11,0.0,64.0
2026-12-31,86,call,735.0,57.46,60.3,8.0,1975.0
2026-12-31,86,call,736.0,56.49,58.31,0.0,20.0
2026-12-31,86,call,737.0,55.69,57.46,2.0,30.0
2026-12-31,86,call,738.0,54.67,56.56,0.0,28.0
2026-12-31,86,call,739.0,54.04,55.72,0.0,3.0
2026-12-31,86,call,740.0,54.43,56.05,7.0,1580.0
2026-12-31,86,call,741.0,52.4,54.02,1.0,246.0
2026-12-31,86,call,742.0,51.58,53.15,2.0,1.0
2026-12-31,86,call,743.0,50.74,52.33,1.0,31.0
2026-12-31,86,call,744.0,50.0,51.45,0.0,64.0
2026-12-31,86,call,745.0,49.09,50.66,1.0,1557.0
2026-12-31,86,call,748.0,47.83,48.17,0.0,120.0
2026-12-31,86,call,750.0,46.14,46.47,1.0,3350.0
2026-12-31,86,call,751.0,45.38,45.75,0.0,62.0
2026-12-31,86,call,752.0,44.52,44.86,0.0,1.0
2026-12-31,86,call,755.0,41.22,42.5,1.0,1166.0
2026-12-31,86,call,757.0,40.63,40.92,1.0,2.0
2026-12-31,86,call,758.0,39.86,40.17,0.0,12.0
2026-12-31,86,call,759.0,39.02,39.32,1.0,9.0
2026-12-31,86,call,760.0,38.31,38.59,29.0,4520.0
2026-12-31,86,call,761.0,37.48,37.79,1.0,6.0
2026-12-31,86,call,762.0,36.8,37.07,4.0,107.0
2026-12-31,86,call,763.0,35.98,36.27,4.0,23.0
2026-12-31,86,call,764.0,35.25,35.53,1.0,15.0
2026-12-31,86,call,765.0,34.55,34.81,51.0,1733.0
2026-12-31,86,call,766.0,33.77,34.04,5.0,469.0
2026-12-31,86,call,767.0,33.09,33.36,37.0,60.0
2026-12-31,86,call,768.0,32.39,32.63,1.0,74.0
2026-12-31,86,call,769.0,31.68,31.89,3.0,98.0
2026-12-31,86,call,770.0,30.98,31.19,18.0,1981.0
2026-12-31,86,call,771.0,30.29,30.49,1.0,44.0
2026-12-31,86,call,772.0,29.55,29.8,16.0,23.0
2026-12-31,86,call,773.0,28.88,29.12,5.0,235.0
2026-12-31,86,call,774.0,28.22,28.43,2.0,23.0
2026-12-31,86,call,775.0,27.55,27.73,53.0,3295.0
2026-12-31,86,call,776.0,26.89,27.08,11.0,278.0
2026-12-31,86,call,777.0,26.22,26.46,1.0,315.0
2026-12-31,86,call,778.0,25.59,25.79,1.0,422.0
2026-12-31,86,call,779.0,24.95,25.13,4.0,10.0
2026-12-31,86,call,780.0,24.31,24.48,321.0,2519.0
2026-12-31,86,call,781.0,23.7,23.89,2.0,70.0
2026-12-31,86,call,782.0,23.13,23.18,9.0,36.0
2026-12-31,86,call,783.0,22.54,22.58,1.0,369.0
2026-12-31,86,call,784.0,21.88,21.93,1.0,154.0
2026-12-31,86,call,785.0,21.34,21.39,54.0,1671.0
2026-12-31,86,call,786.0,20.76,20.82,3.0,445.0
2026-12-31,86,call,787.0,20.18,20.24,1.0,108.0
2026-12-31,86,call,788.0,19.59,19.64,41.0,207.0
2026-12-31,86,call,789.0,19.07,19.12,69.0,138.0
2026-12-31,86,call,790.0,18.54,18.6,1615.0,3354.0
2026-12-31,86,call,791.0,17.99,18.04,4.0,114.0
2026-12-31,86,call,792.0,17.44,17.5,43.0,100.0
2026-12-31,86,call,793.0,16.96,17.01,1.0,124.0
2026-12-31,86,call,794.0,16.45,16.51,1.0,54.0
2026-12-31,86,call,795.0,15.97,16.03,33.0,1579.0
2026-12-31,86,call,796.0,15.48,15.53,2.0,255.0
2026-12-31,86,call,797.0,15.02,15.06,2.0,129.0
2026-12-31,86,call,798.0,14.54,14.59,1.0,37.0
2026-12-31,86,call,799.0,14.08,14.13,1.0,48.0
2026-12-31,86,call,800.0,13.61,13.65,176.0,7332.0
2026-12-31,86,call,801.0,13.2,13.25,1.0,24.0
2026-12-31,86,call,802.0,12.78,12.82,37.0,20888.0
2026-12-31,86,call,803.0,12.37,12.41,4.0,44.0
2026-12-31,86,call,804.0,11.94,12.0,5.0,642.0
2026-12-31,86,call,805.0,11.54,11.59,113.0,3279.0
2026-12-31,86,call,806.0,11.17,11.22,3.0,194.0
2026-12-31,86,call,807.0,10.8,10.84,1.0,62.0
2026-12-31,86,call,808.0,10.44,10.48,2.0,31.0
2026-12-31,86,call,809.0,10.05,10.09,5.0,20.0
2026-12-31,86,call,810.0,9.72,9.76,35.0,2867.0
2026-12-31,86,call,811.0,9.37,9.42,3.0,257.0
2026-12-31,86,call,812.0,9.04,9.09,15.0,112.0
2026-12-31,86,call,813.0,8.72,8.76,2.0,189.0
2026-12-31,86,call,814.0,8.41,8.45,5.0,573.0
2026-12-31,86,call,815.0,8.1,8.13,15.0,4390.0
2026-12-31,86,call,816.0,7.82,7.86,5.0,117.0
2026-12-31,86,call,817.0,7.53,7.57,5.0,738.0
2026-12-31,86,call,818.0,7.26,7.3,1.0,1601.0
2026-12-31,86,call,819.0,6.99,7.03,119.0,564.0
2026-12-31,86,call,820.0,6.73,6.78,41.0,2614.0
2026-12-31,86,call,821.0,6.46,6.51,2.0,117.0
2026-12-31,86,call,822.0,6.21,6.25,3.0,390.0
2026-12-31,86,call,823.0,5.99,6.03,1.0,474.0
2026-12-31,86,call,824.0,5.75,5.79,123.0,562.0
2026-12-31,86,call,825.0,5.52,5.55,31.0,3426.0
2026-12-31,86,call,826.0,5.33,5.36,1.0,1076.0
2026-12-31,86,call,827.0,5.11,5.15,4.0,5.0
2026-12-31,86,call,828.0,4.92,4.95,4.0,46.0
2026-12-31,86,call,829.0,4.72,4.76,58.0,572.0
2026-12-31,86,call,830.0,4.52,4.55,97.0,3534.0
2026-12-31,86,call,831.0,4.35,4.39,202.0,295.0
2026-12-31,86,call,832.0,4.18,4.22,158.0,13.0
2026-12-31,86,call,833.0,4.02,4.04,2.0,71.0
2026-12-31,86,call,834.0,3.84,3.88,4.0,7.0
2026-12-31,86,call,835.0,3.69,3.72,21.0,3525.0
2026-12-31,86,call,836.0,3.53,3.57,42.0,7.0
2026-12-31,86,call,837.0,3.4,3.42,1.0,64.0
2026-12-31,86,call,838.0,3.24,3.26,2.0,17.0
2026-12-31,86,call,839.0,3.1,3.13,1.0,5.0
2026-12-31,86,call,840.0,2.98,3.01,33.0,2380.0
2026-12-31,86,call,841.0,2.84,2.87,1.0,2.0
2026-12-31,86,call,842.0,2.73,2.77,1.0,1.0
2026-12-31,86,call,843.0,2.61,2.64,1.0,1.0
2026-12-31,86,call,844.0,2.51,2.53,1.0,1.0
2026-12-31,86,call,845.0,2.39,2.42,6.0,1629.0
2026-12-31,86,call,846.0,2.3,2.32,0.0,1.0
2026-12-31,86,call,847.0,2.2,2.22,0.0,1.0
2026-12-31,86,call,849.0,2.02,2.05,2.0,3.0
2026-12-31,86,call,850.0,1.92,1.95,21.0,12158.0
2026-12-31,86,call,851.0,1.84,1.86,1.0,5.0
2026-12-31,86,call,852.0,1.76,1.78,0.0,1.0
2026-12-31,86,call,853.0,1.69,1.72,2.0,3.0
2026-12-31,86,call,855.0,1.55,1.57,28.0,1962.0
2026-12-31,86,call,857.0,1.42,1.43,1.0,2.0
2026-12-31,86,call,858.0,1.36,1.37,1.0,1.0
2026-12-31,86,call,860.0,1.24,1.26,14.0,3382.0
2026-12-31,86,call,862.0,1.14,1.15,2.0,3.0
2026-12-31,86,call,863.0,1.08,1.11,5.0,15.0
2026-12-31,86,call,864.0,1.04,1.06,12.0,40.0
2026-12-31,86,call,865.0,1.0,1.02,333.0,1681.0
2026-12-31,86,call,866.0,0.96,0.97,3.0,6.0
2026-12-31,86,call,869.0,0.85,0.87,0.0,16.0
2026-12-31,86,call,870.0,0.81,0.83,7.0,1757.0
2026-12-31,86,call,875.0,0.67,0.68,5.0,749.0
2026-12-31,86,call,880.0,0.55,0.57,5.0,613.0
2026-12-31,86,call,885.0,0.46,0.47,5.0,1301.0
2026-12-31,86,call,890.0,0.38,0.4,1.0,683.0
2026-12-31,86,call,895.0,0.32,0.33,20.0,1048.0
2026-12-31,86,call,900.0,0.28,0.29,216.0,9049.0
2026-12-31,86,call,905.0,0.23,0.25,50.0,492.0
2026-12-31,86,call,910.0,0.2,0.21,251.0,717.0
2026-12-31,86,call,915.0,0.17,0.18,1.0,553.0
2026-12-31,86,call,920.0,0.15,0.16,27.0,392.0
2026-12-31,86,call,925.0,0.13,0.14,2.0,353.0
2026-12-31,86,call,930.0,0.11,0.13,8.0,263.0
2026-12-31,86,call,935.0,0.1,0.11,20.0,176.0
2026-12-31,86,call,940.0,0.09,0.1,19.0,714.0
2026-12-31,86,put,460.0,0.36,0.37,37.0,2104.0
2026-12-31,86,put,465.0,0.38,0.39,1.0,306.0
2026-12-31,86,put,470.0,0.4,0.41,17.0,49.0
2026-12-31,86,put,475.0,0.41,0.43,24.0,726.0
2026-12-31,86,put,480.0,0.43,0.45,11.0,16171.0
2026-12-31,86,put,485.0,0.46,0.47,2.0,352.0
2026-12-31,86,put,490.0,0.48,0.49,82.0,5385.0
2026-12-31,86,put,495.0,0.5,0.51,1.0,197.0
2026-12-31,86,put,500.0,0.53,0.54,2.0,1369.0
2026-12-31,86,put,505.0,0.55,0.56,2.0,374.0
2026-12-31,86,put,510.0,0.58,0.59,1.0,802.0
2026-12-31,86,put,515.0,0.61,0.62,4.0,115.0
2026-12-31,86,put,520.0,0.64,0.65,3.0,944.0
2026-12-31,86,put,525.0,0.66,0.68,5.0,706.0
2026-12-31,86,put,530.0,0.7,0.71,20.0,1465.0
2026-12-31,86,put,535.0,0.73,0.74,6.0,15321.0
2026-12-31,86,put,540.0,0.77,0.78,500.0,613.0
2026-12-31,86,put,545.0,0.8,0.81,306.0,1420.0
2026-12-31,86,put,550.0,0.84,0.85,5.0,86670.0
2026-12-31,86,put,555.0,0.88,0.89,6.0,894.0
2026-12-31,86,put,560.0,0.93,0.94,2.0,1203.0
2026-12-31,86,put,565.0,0.97,0.99,2.0,885.0
2026-12-31,86,put,570.0,1.02,1.03,101.0,938.0
2026-12-31,86,put,575.0,1.07,1.08,2.0,1051.0
2026-12-31,86,put,580.0,1.12,1.14,15.0,2391.0
2026-12-31,86,put,585.0,1.18,1.19,26.0,456.0
2026-12-31,86,put,586.0,1.19,1.2,0.0,2.0
2026-12-31,86,put,588.0,1.21,1.22,4.0,14.0
2026-12-31,86,put,589.0,1.22,1.23,2.0,2.0
2026-12-31,86,put,590.0,1.24,1.25,1.0,1116.0
2026-12-31,86,put,592.0,1.26,1.28,2.0,212.0
2026-12-31,86,put,595.0,1.3,1.31,14.0,809.0
2026-12-31,86,put,599.0,1.35,1.36,3.0,496.0
2026-12-31,86,put,600.0,1.36,1.38,27.0,4127.0
2026-12-31,86,put,601.0,1.38,1.39,2.0,277.0
2026-12-31,86,put,604.0,1.42,1.43,2.0,16.0
2026-12-31,86,put,605.0,1.44,1.45,300.0,2761.0
2026-12-31,86,put,606.0,1.45,1.46,3.0,13.0
2026-12-31,86,put,608.0,1.48,1.49,0.0,14.0
2026-12-31,86,put,609.0,1.49,1.51,10.0,11.0
2026-12-31,86,put,610.0,1.51,1.52,300.0,30324.0
2026-12-31,86,put,612.0,1.54,1.56,315.0,315.0
2026-12-31,86,put,613.0,1.56,1.57,65.0,72.0
2026-12-31,86,put,614.0,1.57,1.59,64.0,66.0
2026-12-31,86,put,615.0,1.59,1.61,301.0,7825.0
2026-12-31,86,put,616.0,1.61,1.62,324.0,324.0
2026-12-31,86,put,617.0,1.62,1.64,63.0,130.0
2026-12-31,86,put,618.0,1.64,1.65,2.0,65.0
2026-12-31,86,put,619.0,1.65,1.67,10.0,136.0
2026-12-31,86,put,620.0,1.67,1.69,302.0,3209.0
2026-12-31,86,put,621.0,1.69,1.7,168.0,371.0
2026-12-31,86,put,622.0,1.71,1.72,63.0,573.0
2026-12-31,86,put,623.0,1.73,1.74,1.0,195.0
2026-12-31,86,put,624.0,1.74,1.76,69.0,191.0
2026-12-31,86,put,625.0,1.77,1.78,8.0,537.0
2026-12-31,86,put,626.0,1.78,1.8,166.0,405.0
2026-12-31,86,put,627.0,1.8,1.82,416.0,1522.0
2026-12-31,86,put,628.0,1.82,1.84,1.0,162.0
2026-12-31,86,put,629.0,1.84,1.86,15.0,296.0
2026-12-31,86,put,630.0,1.86,1.88,1.0,458.0
2026-12-31,86,put,631.0,1.88,1.9,63.0,198.0
2026-12-31,86,put,632.0,1.9,1.92,122.0,422.0
2026-12-31,86,put,633.0,1.93,1.94,271.0,298.0
2026-12-31,86,put,634.0,1.94,1.96,1.0,425.0
2026-12-31,86,put,635.0,1.96,1.98,5.0,759.0
2026-12-31,86,put,636.0,1.98,2.01,124.0,437.0
2026-12-31,86,put,637.0,2.01,2.03,64.0,340.0
2026-12-31,86,put,638.0,2.03,2.05,2.0,197.0
2026-12-31,86,put,639.0,2.05,2.07,3.0,772.0
2026-12-31,86,put,640.0,2.08,2.1,4.0,1253.0
2026-12-31,86,put,641.0,2.1,2.12,76.0,297.0
2026-12-31,86,put,642.0,2.12,2.14,62.0,122.0
2026-12-31,86,put,643.0,2.14,2.17,1.0,448.0
2026-12-31,86,put,644.0,2.17,2.19,2.0,17.0
2026-12-31,86,put,645.0,2.2,2.22,2.0,1700.0
2026-12-31,86,put,646.0,2.22,2.24,2.0,67.0
2026-12-31,86,put,647.0,2.25,2.27,1.0,258.0
2026-12-31,86,put,648.0,2.27,2.3,9.0,55.0
2026-12-31,86,put,649.0,2.3,2.33,5.0,128.0
2026-12-31,86,put,650.0,2.33,2.36,14.0,89757.0
2026-12-31,86,put,651.0,2.35,2.38,1.0,110.0
2026-12-31,86,put,652.0,2.38,2.4,1.0,157.0
2026-12-31,86,put,653.0,2.41,2.44,14.0,150.0
2026-12-31,86,put,654.0,2.44,2.46,1.0,274.0
2026-12-31,86,put,655.0,2.47,2.49,14.0,354.0
2026-12-31,86,put,656.0,2.51,2.53,1.0,187.0
2026-12-31,86,put,657.0,2.53,2.55,1.0,151.0
2026-12-31,86,put,658.0,2.56,2.59,1.0,109.0
2026-12-31,86,put,659.0,2.59,2.61,15.0,216.0
2026-12-31,86,put,660.0,2.62,2.64,10.0,2634.0
2026-12-31,86,put,661.0,2.66,2.68,1.0,623.0
2026-12-31,86,put,662.0,2.69,2.71,1.0,139.0
2026-12-31,86,put,663.0,2.73,2.75,3.0,427.0
2026-12-31,86,put,664.0,2.75,2.78,2.0,333.0
2026-12-31,86,put,665.0,2.79,2.81,56.0,5923.0
2026-12-31,86,put,666.0,2.83,2.85,2.0,276.0
2026-12-31,86,put,667.0,2.86,2.89,3.0,539.0
2026-12-31,86,put,668.0,2.89,2.92,1.0,53.0
2026-12-31,86,put,669.0,2.93,2.95,6.0,541.0
2026-12-31,86,put,670.0,2.97,2.99,2.0,1419.0
2026-12-31,86,put,671.0,3.0,3.03,1.0,246.0
2026-12-31,86,put,672.0,3.04,3.07,2.0,41.0
2026-12-31,86,put,673.0,3.09,3.11,2.0,205.0
2026-12-31,86,put,674.0,3.13,3.15,5.0,233.0
2026-12-31,86,put,675.0,3.17,3.19,14.0,770.0
2026-12-31,86,put,676.0,3.21,3.23,10.0,49.0
2026-12-31,86,put,677.0,3.24,3.27,1.0,349.0
2026-12-31,86,put,678.0,3.3,3.32,6.0,714.0
2026-12-31,86,put,679.0,3.33,3.36,2.0,687.0
2026-12-31,86,put,680.0,3.39,3.41,23.0,2894.0
2026-12-31,86,put,681.0,3.42,3.45,2.0,44.0
2026-12-31,86,put,682.0,3.47,3.49,1.0,2210.0
2026-12-31,86,put,683.0,3.51,3.54,4.0,120.0
2026-12-31,86,put,684.0,3.56,3.59,9.0,644.0
2026-12-31,86,put,685.0,3.61,3.64,9.0,2731.0
2026-12-31,86,put,686.0,3.66,3.69,1.0,624.0
2026-12-31,86,put,687.0,3.72,3.74,7.0,772.0
2026-12-31,86,put,688.0,3.77,3.79,2.0,521.0
2026-12-31,86,put,689.0,3.81,3.84,3.0,630.0
2026-12-31,86,put,690.0,3.87,3.9,16.0,3077.0
2026-12-31,86,put,691.0,3.93,3.95,5.0,431.0
2026-12-31,86,put,692.0,3.97,4.0,2.0,227.0
2026-12-31,86,put,693.0,4.04,4.06,3.0,109.0
2026-12-31,86,put,694.0,4.09,4.12,3.0,38.0
2026-12-31,86,put,695.0,4.14,4.17,90.0,1440.0
2026-12-31,86,put,696.0,4.2,4.24,2.0,1227.0
2026-12-31,86,put,697.0,4.27,4.3,2.0,33.0
2026-12-31,86,put,698.0,4.34,4.36,2.0,57.0
2026-12-31,86,put,699.0,4.4,4.42,1.0,125.0
2026-12-31,86,put,700.0,4.46,4.49,96.0,8481.0
2026-12-31,86,put,701.0,4.52,4.55,1.0,217.0
2026-12-31,86,put,702.0,4.58,4.62,1.0,204.0
2026-12-31,86,put,703.0,4.66,4.68,1.0,222.0
2026-12-31,86,put,704.0,4.73,4.75,3.0,488.0
2026-12-31,86,put,705.0,4.79,4.83,3.0,889.0
2026-12-31,86,put,706.0,4.86,4.9,14.0,135.0
2026-12-31,86,put,707.0,4.94,4.97,1.0,161.0
2026-12-31,86,put,708.0,5.01,5.04,1.0,324.0
2026-12-31,86,put,709.0,5.08,5.12,9.0,263.0
2026-12-31,86,put,710.0,5.17,5.2,29.0,2615.0
2026-12-31,86,put,711.0,5.24,5.27,2.0,375.0
2026-12-31,86,put,712.0,5.32,5.35,2.0,348.0
2026-12-31,86,put,713.0,5.41,5.44,1.0,482.0
2026-12-31,86,put,714.0,5.48,5.52,7.0,103.0
2026-12-31,86,put,715.0,5.58,5.61,20.0,673.0
2026-12-31,86,put,716.0,5.67,5.69,7.0,445.0
2026-12-31,86,put,717.0,5.76,5.78,1.0,523.0
2026-12-31,86,put,718.0,5.85,5.88,1.0,343.0
2026-12-31,86,put,719.0,5.94,5.97,78.0,793.0
2026-12-31,86,put,720.0,6.03,6.06,73.0,4067.0
2026-12-31,86,put,721.0,6.12,6.16,101.0,386.0
2026-12-31,86,put,722.0,6.22,6.25,1.0,555.0
2026-12-31,86,put,723.0,6.32,6.36,7.0,21090.0
2026-12-31,86,put,724.0,6.42,6.46,7.0,318.0
2026-12-31,86,put,725.0,6.54,6.56,27.0,2131.0
2026-12-31,86,put,726.0,6.65,6.67,1.0,43.0
2026-12-31,86,put,727.0,6.74,6.78,1.0,9.0
2026-12-31,86,put,728.0,6.85,6.89,1.0,15.0
2026-12-31,86,put,729.0,6.96,7.0,3.0,37.0
2026-12-31,86,put,730.0,7.08,7.12,59.0,8753.0
2026-12-31,86,put,731.0,7.2,7.25,2.0,8.0
2026-12-31,86,put,732.0,7.32,7.36,3.0,244.0
2026-12-31,86,put,733.0,7.44,7.48,2.0,212.0
2026-12-31,86,put,734.0,7.57,7.61,8.0,77.0
2026-12-31,86,put,735.0,7.7,7.74,32.0,1155.0
2026-12-31,86,put,736.0,7.85,7.88,2.0,65.0
2026-12-31,86,put,737.0,7.98,8.01,1.0,452.0
2026-12-31,86,put,738.0,8.11,8.15,2.0,53.0
2026-12-31,86,put,739.0,8.25,8.29,10.0,95.0
2026-12-31,86,put,740.0,8.41,8.44,13.0,6128.0
2026-12-31,86,put,741.0,8.56,8.59,10.0,103.0
2026-12-31,86,put,742.0,8.71,8.75,41.0,262.0
2026-12-31,86,put,743.0,8.86,8.9,1.0,278.0
2026-12-31,86,put,744.0,9.02,9.05,1.0,29.0
2026-12-31,86,put,745.0,9.19,9.22,12.0,4070.0
2026-12-31,86,put,746.0,9.34,9.38,10.0,125.0
2026-12-31,86,put,747.0,9.51,9.56,4.0,61.0
2026-12-31,86,put,748.0,9.71,9.74,5.0,65.0
2026-12-31,86,put,749.0,9.87,9.91,4.0,92.0
2026-12-31,86,put,750.0,10.05,10.09,115.0,3138.0
2026-12-31,86,put,751.0,10.25,10.28,1.0,91.0
2026-12-31,86,put,752.0,10.43,10.47,14.0,78.0
2026-12-31,86,put,753.0,10.63,10.67,2.0,4.0
2026-12-31,86,put,754.0,10.85,10.88,2.0,151.0
2026-12-31,86,put,755.0,11.03,11.07,43.0,4501.0
2026-12-31,86,put,756.0,11.24,11.29,3.0,7.0
2026-12-31,86,put,757.0,11.46,11.5,7.0,128.0
2026-12-31,86,put,758.0,11.68,11.72,2.0,8.0
2026-12-31,86,put,759.0,11.93,11.96,29.0,128.0
2026-12-31,86,put,760.0,12.16,12.2,43.0,3363.0
2026-12-31,86,put,761.0,12.38,12.42,2.0,168.0
2026-12-31,86,put,762.0,12.62,12.66,2.0,52.0
2026-12-31,86,put,763.0,12.87,12.91,8.0,37.0
2026-12-31,86,put,764.0,13.12,13.16,1.0,390.0
2026-12-31,86,put,765.0,13.38,13.42,73.0,4366.0
2026-12-31,86,put,766.0,13.64,13.7,22.0,60.0
2026-12-31,86,put,767.0,13.91,13.97,9.0,142.0
2026-12-31,86,put,768.0,14.19,14.24,11.0,347.0
2026-12-31,86,put,769.0,14.49,14.53,3.0,21.0
2026-12-31,86,put,770.0,14.78,14.83,50.0,4903.0
2026-12-31,86,put,771.0,15.08,15.14,3.0,166.0
2026-12-31,86,put,772.0,15.38,15.44,10.0,397.0
2026-12-31,86,put,773.0,15.7,15.76,18.0,687.0
2026-12-31,86,put,774.0,16.02,16.09,1.0,543.0
2026-12-31,86,put,775.0,16.36,16.42,452.0,2291.0
2026-12-31,86,put,776.0,16.72,16.78,17.0,105.0
2026-12-31,86,put,777.0,17.05,17.1,25.0,280.0
2026-12-31,86,put,778.0,17.4,17.45,26.0,151.0
2026-12-31,86,put,779.0,17.79,17.85,68.0,165.0
2026-12-31,86,put,780.0,18.15,18.21,108.0,940.0
2026-12-31,86,put,781.0,18.52,18.58,42.0,498.0
2026-12-31,86,put,782.0,18.9,18.97,46.0,55.0
2026-12-31,86,put,785.0,20.14,20.2,3.0,559.0
2026-12-31,86,put,787.0,21.0,21.07,82.0,83.0
2026-12-31,86,put,789.0,21.91,21.97,106.0,6.0
2026-12-31,86,put,790.0,22.38,22.44,60.0,349.0
2026-12-31,86,put,795.0,24.8,24.93,2.0,40.0
2026-12-31,86,put,796.0,25.33,25.48,1.0,6.0
2026-12-31,86,put,800.0,27.57,27.75,17.0,678.0
2026-12-31,86,put,805.0,30.57,30.75,1.0,22.0
2026-12-31,86,put,807.0,31.87,32.09,0.0,1.0
2026-12-31,86,put,810.0,33.88,34.14,1.0,9.0
2026-12-31,86,put,815.0,37.43,37.7,1.0,8.0
2026-12-31,86,put,820.0,41.21,42.77,1.0,0.0
2026-12-31,86,put,825.0,43.95,45.76,1.0,8.0
2026-12-31,86,put,830.0,48.66,51.95,1.0,0.0
2026-12-31,86,put,832.0,50.6,53.89,1.0,0.0
2026-12-31,86,put,835.0,68.65,72.79,6.0,0.0
2026-12-31,86,put,840.0,58.03,61.45,1.0,0.0
2026-12-31,86,put,850.0,83.65,87.86,2.0,0.0
2026-12-31,86,put,855.0,88.5,92.75,1.0,0.0
2026-12-31,86,put,860.0,78.14,81.77,1.0,1.0
2026-12-31,86,put,865.0,83.13,86.77,1.0,0.0
2026-12-31,86,put,870.0,88.16,91.87,0.0,0.0
2026-12-31,86,put,890.0,124.61,127.82,0.0,0.0
2026-12-31,86,put,895.0,154.64,158.0,1.0,0.0
2026-12-31,86,put,900.0,118.36,121.94,1.0,0.0
2026-12-31,86,put,905.0,0.0,0.0,1.0,0.0
2026-12-31,86,put,940.0,158.15,161.77,0.0,0.0
2027-02-26,143,call,540.0,248.17,252.32,2.0,21.0
2027-02-26,143,call,550.0,238.49,241.66,1.0,10.0
2027-02-26,143,call,560.0,228.86,233.0,22.0,10.0
2027-02-26,143,call,570.0,219.22,223.36,40.0,22.0
2027-02-26,143,call,580.0,209.6,213.74,16.0,4.0
2027-02-26,143,call,590.0,199.99,203.09,28.0,12.0
2027-02-26,143,call,600.0,190.4,194.5,1.0,8.0
2027-02-26,143,call,610.0,180.87,184.05,2.0,8.0
2027-02-26,143,call,620.0,171.37,175.5,14.0,5.0
2027-02-26,143,call,630.0,161.89,164.82,6.0,14.0
2027-02-26,143,call,640.0,152.45,156.6,67.0,43.0
2027-02-26,143,call,650.0,143.09,146.89,1.0,409.0
2027-02-26,143,call,660.0,133.77,136.94,2.0,30.0
2027-02-26,143,call,670.0,124.52,127.71,100.0,110.0
2027-02-26,143,call,680.0,115.36,119.15,92.0,370.0
2027-02-26,143,call,685.0,110.81,114.15,2.0,2.0
2027-02-26,143,call,690.0,106.28,108.58,2.0,76.0
2027-02-26,143,call,693.0,103.6,107.05,52.0,55.0
2027-02-26,143,call,694.0,102.69,105.02,4.0,4.0
2027-02-26,143,call,695.0,101.8,105.58,1.0,126.0
2027-02-26,143,call,696.0,100.91,103.25,2.0,0.0
2027-02-26,143,call,698.0,99.1,102.9,0.0,1.0
2027-02-26,143,call,699.0,98.22,102.01,0.0,1.0
2027-02-26,143,call,700.0,97.34,100.95,3.0,56.0
2027-02-26,143,call,703.0,94.67,98.13,30.0,29.0
2027-02-26,143,call,704.0,93.78,96.11,1.0,2.0
2027-02-26,143,call,705.0,92.89,96.63,3.0,5.0
2027-02-26,143,call,706.0,92.19,95.8,0.0,3.0
2027-02-26,143,call,707.0,91.26,94.91,2.0,2.0
2027-02-26,143,call,708.0,90.3,92.57,3.0,4.0
2027-02-26,143,call,709.0,89.55,91.64,2.0,1.0
2027-02-26,143,call,710.0,88.7,92.29,3.0,77.0
2027-02-26,143,call,715.0,84.38,87.62,1.0,24.0
2027-02-26,143,call,718.0,81.84,84.94,1.0,1.0
2027-02-26,143,call,720.0,80.17,83.28,2.0,24.0
2027-02-26,143,call,722.0,78.52,80.41,0.0,4.0
2027-02-26,143,call,725.0,75.96,77.84,3.0,3.0
2027-02-26,143,call,726.0,75.16,78.13,0.0,1.0
2027-02-26,143,call,727.0,74.4,76.15,0.0,1.0
2027-02-26,143,call,728.0,73.47,75.29,0.0,1.0
2027-02-26,143,call,730.0,71.91,74.75,2.0,95.0
2027-02-26,143,call,731.0,71.13,73.97,0.0,1.0
2027-02-26,143,call,732.0,70.28,73.05,0.0,17.0
2027-02-26,143,call,734.0,68.55,70.28,0.0,1.0
2027-02-26,143,call,735.0,67.66,69.44,1.0,11.0
2027-02-26,143,call,736.0,66.99,68.62,2.0,3.0
2027-02-26,143,call,737.0,66.27,67.8,2.0,4.0
2027-02-26,143,call,740.0,63.82,65.34,1.0,48.0
2027-02-26,143,call,742.0,63.33,63.74,2.0,102.0
2027-02-26,143,call,744.0,61.75,62.12,1.0,2.0
2027-02-26,143,call,745.0,59.89,61.31,1.0,6.0
2027-02-26,143,call,746.0,59.08,60.51,1.0,2.0
2027-02-26,143,call,747.0,59.36,59.71,0.0,1.0
2027-02-26,143,call,748.0,58.49,58.87,0.0,2.0
2027-02-26,143,call,749.0,57.75,58.15,0.0,2.0
2027-02-26,143,call,750.0,57.01,57.34,7.0,278.0
2027-02-26,143,call,751.0,56.14,56.51,2.0,9.0
2027-02-26,143,call,752.0,55.48,55.8,129.0,229.0
2027-02-26,143,call,753.0,54.67,55.02,2.0,3.0
2027-02-26,143,call,754.0,52.98,54.24,0.0,2.0
2027-02-26,143,call,755.0,53.14,53.47,1.0,30.0
2027-02-26,143,call,756.0,52.31,52.64,0.0,110.0
2027-02-26,143,call,757.0,51.56,51.89,1.0,9.0
2027-02-26,143,call,758.0,50.78,51.12,73.0,61.0
2027-02-26,143,call,759.0,50.15,50.45,1.0,17.0
2027-02-26,143,call,760.0,49.31,49.62,8.0,48.0
2027-02-26,143,call,761.0,48.56,48.88,1.0,146.0
2027-02-26,143,call,762.0,47.92,48.21,1.0,206.0
2027-02-26,143,call,763.0,47.08,47.42,2.0,530.0
2027-02-26,143,call,764.0,46.36,46.67,1.0,11.0
2027-02-26,143,call,765.0,45.72,45.94,16.0,859.0
2027-02-26,143,call,766.0,44.91,45.21,1.0,219.0
2027-02-26,143,call,767.0,44.27,44.52,3.0,218.0
2027-02-26,143,call,768.0,43.56,43.82,2.0,216.0
2027-02-26,143,call,769.0,42.83,43.14,32.0,64.0
2027-02-26,143,call,770.0,42.15,42.4,1.0,341.0
2027-02-26,143,call,771.0,41.43,41.73,786.0,797.0
2027-02-26,143,call,772.0,40.7,40.97,3.0,68.0
2027-02-26,143,call,773.0,40.07,40.31,2.0,20.0
2027-02-26,143,call,774.0,39.38,39.64,3.0,280.0
2027-02-26,143,call,775.0,38.71,38.95,12.0,3162.0
2027-02-26,143,call,776.0,38.03,38.27,2.0,3047.0
2027-02-26,143,call,777.0,36.3,37.63,3.0,214.0
2027-02-26,143,call,778.0,36.71,36.95,3.0,164.0
2027-02-26,143,call,779.0,36.08,36.3,1.0,36.0
2027-02-26,143,call,780.0,35.42,35.59,30.0,647.0
2027-02-26,143,call,781.0,34.76,34.98,1.0,77.0
2027-02-26,143,call,782.0,34.12,34.34,1.0,85.0
2027-02-26,143,call,783.0,33.49,33.71,2.0,50.0
2027-02-26,143,call,784.0,32.86,33.09,41.0,169.0
2027-02-26,143,call,785.0,32.21,32.4,31.0,449.0
2027-02-26,143,call,786.0,31.61,31.83,1.0,276.0
2027-02-26,143,call,787.0,31.0,31.23,3.0,106.0
2027-02-26,143,call,788.0,30.44,30.51,5.0,52.0
2027-02-26,143,call,789.0,29.85,29.9,1.0,92.0
2027-02-26,143,call,790.0,29.27,29.32,2.0,620.0
2027-02-26,143,call,791.0,28.67,28.74,1.0,379.0
2027-02-26,143,call,792.0,28.09,28.16,6.0,107.0
2027-02-26,143,call,793.0,27.53,27.6,1.0,29.0
2027-02-26,143,call,794.0,26.96,27.03,2.0,24.0
2027-02-26,143,call,795.0,26.39,26.46,201.0,59.0
2027-02-26,143,call,796.0,25.85,25.91,1.0,20.0
2027-02-26,143,call,797.0,25.3,25.36,3.0,85.0
2027-02-26,143,call,798.0,24.76,24.82,4.0,337.0
2027-02-26,143,call,799.0,24.24,24.3,3.0,123.0
2027-02-26,143,call,800.0,23.73,23.77,9.0,540.0
2027-02-26,143,call,801.0,23.15,23.22,130.0,198.0
2027-02-26,143,call,802.0,22.69,22.74,43.0,193.0
2027-02-26,143,call,803.0,22.18,22.24,41.0,15.0
2027-02-26,143,call,804.0,21.68,21.75,2.0,15.0
2027-02-26,143,call,805.0,21.21,21.26,3.0,156.0
2027-02-26,143,call,806.0,20.71,20.78,1.0,22.0
2027-02-26,143,call,807.0,20.26,20.32,1.0,136.0
2027-02-26,143,call,808.0,19.77,19.83,1.0,9.0
2027-02-26,143,call,809.0,19.31,19.38,1.0,6.0
2027-02-26,143,call,810.0,18.87,18.91,3.0,959.0
2027-02-26,143,call,815.0,16.72,16.77,1.0,115.0
2027-02-26,143,call,820.0,14.74,14.8,7.0,1337.0
2027-02-26,143,call,830.0,11.32,11.36,24.0,1261.0
2027-02-26,143,call,840.0,8.59,8.64,78.0,856.0
2027-02-26,143,call,850.0,6.42,6.45,2.0,1547.0
2027-02-26,143,call,860.0,4.72,4.76,1.0,798.0
2027-02-26,143,call,870.0,3.44,3.48,2.0,354.0
2027-02-26,143,call,880.0,2.48,2.52,5.0,800.0
2027-02-26,143,call,890.0,1.78,1.8,6.0,309.0
2027-02-26,143,call,900.0,1.27,1.29,3.0,79.0
2027-02-26,143,call,910.0,0.92,0.94,2.0,112.0
2027-02-26,143,call,920.0,0.68,0.69,7.0,101.0
2027-02-26,143,put,540.0,1.82,1.84,135.0,3687.0
2027-02-26,143,put,550.0,1.97,1.99,136.0,625.0
2027-02-26,143,put,560.0,2.13,2.15,4.0,706.0
2027-02-26,143,put,570.0,2.31,2.33,7.0,1001.0
2027-02-26,143,put,580.0,2.51,2.53,1.0,509.0
2027-02-26,143,put,590.0,2.73,2.75,1.0,484.0
2027-02-26,143,put,600.0,2.98,3.01,5.0,735.0
2027-02-26,143,put,610.0,3.26,3.29,1.0,1740.0
2027-02-26,143,put,620.0,3.58,3.61,294.0,518.0
2027-02-26,143,put,630.0,3.93,3.96,12.0,146.0
2027-02-26,143,put,640.0,4.32,4.36,4.0,3535.0
2027-02-26,143,put,650.0,4.79,4.82,2.0,296.0
2027-02-26,143,put,660.0,5.31,5.34,6.0,95.0
2027-02-26,143,put,670.0,5.91,5.93,3.0,488.0
2027-02-26,143,put,680.0,6.57,6.62,4.0,668.0
2027-02-26,143,put,685.0,6.95,6.98,2.0,287.0
2027-02-26,143,put,690.0,7.34,7.39,2.0,461.0
2027-02-26,143,put,693.0,7.59,7.64,31.0,34.0
2027-02-26,143,put,694.0,7.69,7.73,2.0,4.0
2027-02-26,143,put,695.0,7.78,7.82,70.0,437.0
2027-02-26,143,put,696.0,7.86,7.91,0.0,7.0
2027-02-26,143,put,697.0,7.95,8.0,1.0,3.0
2027-02-26,143,put,698.0,8.05,8.09,0.0,4.0
2027-02-26,143,put,699.0,8.15,8.19,3.0,17.0
2027-02-26,143,put,700.0,8.25,8.3,66.0,181.0
2027-02-26,143,put,701.0,8.33,8.38,1.0,2.0
2027-02-26,143,put,702.0,8.43,8.48,2.0,16.0
2027-02-26,143,put,705.0,8.73,8.78,2.0,26.0
2027-02-26,143,put,706.0,8.84,8.89,1.0,31.0
2027-02-26,143,put,707.0,8.94,8.99,1.0,160.0
2027-02-26,143,put,708.0,9.05,9.09,5.0,10.0
2027-02-26,143,put,709.0,9.16,9.2,2.0,6.0
2027-02-26,143,put,710.0,9.26,9.31,6.0,166.0
2027-02-26,143,put,711.0,9.38,9.43,2.0,6.0
2027-02-26,143,put,712.0,9.49,9.54,5.0,7.0
2027-02-26,143,put,713.0,9.6,9.66,2.0,9.0
2027-02-26,143,put,714.0,9.72,9.77,2.0,16.0
2027-02-26,143,put,715.0,9.84,9.9,1.0,76.0
2027-02-26,143,put,716.0,9.95,10.01,4.0,25.0
2027-02-26,143,put,717.0,10.07,10.13,5.0,17.0
2027-02-26,143,put,718.0,10.21,10.25,13.0,38.0
2027-02-26,143,put,719.0,10.33,10.38,1.0,15.0
2027-02-26,143,put,720.0,10.46,10.51,18.0,330.0
2027-02-26,143,put,721.0,10.59,10.64,1.0,26.0
2027-02-26,143,put,722.0,10.72,10.78,44.0,45.0
2027-02-26,143,put,723.0,10.86,10.92,1.0,15.0
2027-02-26,143,put,724.0,11.0,11.06,0.0,20.0
2027-02-26,143,put,725.0,11.14,11.18,3.0,61.0
2027-02-26,143,put,728.0,11.56,11.61,0.0,7.0
2027-02-26,143,put,729.0,11.7,11.76,1.0,17.0
2027-02-26,143,put,730.0,11.86,11.92,2.0,199.0
2027-02-26,143,put,731.0,12.01,12.07,1.0,1.0
2027-02-26,143,put,732.0,12.18,12.24,0.0,6.0
2027-02-26,143,put,734.0,12.49,12.55,0.0,67.0
2027-02-26,143,put,735.0,12.66,12.7,4.0,292.0
2027-02-26,143,put,737.0,12.99,13.04,5.0,8.0
2027-02-26,143,put,738.0,13.17,13.22,1.0,20.0
2027-02-26,143,put,739.0,13.34,13.4,1.0,20.0
2027-02-26,143,put,740.0,13.53,13.59,2.0,300.0
2027-02-26,143,put,741.0,13.7,13.75,1.0,18.0
2027-02-26,143,put,742.0,13.89,13.96,5.0,14.0
2027-02-26,143,put,743.0,14.08,14.13,1.0,29.0
2027-02-26,143,put,744.0,14.26,14.33,42.0,57.0
2027-02-26,143,put,745.0,14.46,14.51,1.0,63.0
2027-02-26,143,put,746.0,14.66,14.72,42.0,43.0
2027-02-26,143,put,747.0,14.86,14.94,1.0,9.0
2027-02-26,143,put,748.0,15.06,15.11,1.0,19.0
2027-02-26,143,put,749.0,15.27,15.33,1.0,47.0
2027-02-26,143,put,750.0,15.49,15.55,7.0,98.0
2027-02-26,143,put,751.0,15.69,15.77,1.0,35.0
2027-02-26,143,put,752.0,15.91,15.98,1.0,10.0
2027-02-26,143,put,753.0,16.13,16.19,12.0,15.0
2027-02-26,143,put,754.0,16.36,16.43,1.0,21.0
2027-02-26,143,put,755.0,16.6,16.68,7.0,45.0
2027-02-26,143,put,756.0,16.84,16.89,1.0,13.0
2027-02-26,143,put,757.0,17.06,17.14,2.0,28.0
2027-02-26,143,put,758.0,17.31,17.37,1.0,9.0
2027-02-26,143,put,759.0,17.55,17.63,16.0,12.0
2027-02-26,143,put,760.0,17.81,17.88,1210.0,83.0
2027-02-26,143,put,761.0,18.05,18.13,3.0,14.0
2027-02-26,143,put,762.0,18.33,18.39,1.0,29.0
2027-02-26,143,put,763.0,18.59,18.67,1.0,23.0
2027-02-26,143,put,764.0,18.87,18.96,1.0,37.0
2027-02-26,143,put,765.0,19.15,19.24,2.0,87.0
2027-02-26,143,put,766.0,19.42,19.49,1.0,14.0
2027-02-26,143,put,767.0,19.7,19.79,1.0,20.0
2027-02-26,143,put,768.0,19.99,20.07,1.0,29.0
2027-02-26,143,put,769.0,20.29,20.37,3.0,48.0
2027-02-26,143,put,770.0,20.61,20.69,13.0,286.0
2027-02-26,143,put,771.0,20.9,20.98,4.0,215.0
2027-02-26,143,put,772.0,21.21,21.3,6.0,66.0
2027-02-26,143,put,773.0,21.53,21.62,2.0,84.0
2027-02-26,143,put,774.0,21.83,21.94,1.0,55.0
2027-02-26,143,put,775.0,22.18,22.27,20.0,141.0
2027-02-26,143,put,776.0,22.52,22.61,3.0,173.0
2027-02-26,143,put,777.0,22.84,22.95,11.0,49.0
2027-02-26,143,put,778.0,23.23,23.32,17.0,10.0
2027-02-26,143,put,779.0,23.57,23.67,1.0,216.0
2027-02-26,143,put,780.0,23.92,24.01,55.0,96.0
2027-02-26,143,put,781.0,24.29,24.39,40.0,338.0
2027-02-26,143,put,782.0,24.67,24.76,40.0,331.0
2027-02-26,143,put,783.0,25.06,25.17,17.0,18.0
2027-02-26,143,put,784.0,25.45,25.56,1.0,16.0
2027-02-26,143,put,785.0,25.83,25.93,1.0,262.0
2027-02-26,143,put,786.0,26.22,26.32,1.0,25.0
2027-02-26,143,put,787.0,26.63,26.72,15.0,29.0
2027-02-26,143,put,788.0,27.04,27.16,1.0,11.0
2027-02-26,143,put,789.0,27.48,27.58,2.0,2.0
2027-02-26,143,put,790.0,27.88,28.0,46.0,356.0
2027-02-26,143,put,791.0,28.33,28.43,0.0,13.0
2027-02-26,143,put,792.0,28.79,28.88,15.0,55.0
2027-02-26,143,put,795.0,30.17,30.26,4.0,4.0
2027-02-26,143,put,797.0,31.11,31.22,1.0,1.0
2027-02-26,143,put,800.0,32.62,32.72,3.0,43.0
2027-02-26,143,put,810.0,38.15,38.36,2.0,3.0
2027-02-26,143,put,815.0,41.25,41.49,1.0,0.0
2027-02-26,143,put,820.0,44.56,44.83,1.0,3.0
2027-02-26,143,put,830.0,51.81,52.16,1.0,1.0
2027-02-26,143,put,900.0,117.35,121.54,2.0,2.0
2027-06-17,254,call,50.0,711.5,716.0,6.0,5.0
2027-06-17,254,call,60.0,703.09,707.0,5.0,0.0
2027-06-17,254,call,80.0,698.98,702.38,0.0,0.0
2027-06-17,254,call,85.0,676.5,681.41,1.0,1.0
2027-06-17,254,call,110.0,651.5,656.49,1.0,1.0
2027-06-17,254,call,115.0,594.0,598.5,0.0,0.0
2027-06-17,254,call,120.0,589.0,593.91,0.0,0.0
2027-06-17,254,call,125.0,584.0,588.94,0.0,0.0
2027-06-17,254,call,130.0,579.0,583.97,0.0,0.0
2027-06-17,254,call,135.0,574.0,578.99,0.0,0.0
2027-06-17,254,call,140.0,614.0,618.36,0.0,1.0
2027-06-17,254,call,150.0,604.5,608.8,0.0,1.0
2027-06-17,254,call,155.0,0.0,0.0,1.0,0.0
2027-06-17,254,call,160.0,594.5,599.25,0.0,1.0
2027-06-17,254,call,170.0,585.0,589.7,0.0,1.0
2027-06-17,254,call,180.0,575.5,580.15,0.0,1.0
2027-06-17,254,call,190.0,566.0,570.5,0.0,1.0
2027-06-17,254,call,195.0,568.54,573.5,100.0,100.0
2027-06-17,254,call,200.0,582.23,584.99,34.0,125.0
2027-06-17,254,call,205.0,576.92,579.68,1.0,2.0
2027-06-17,254,call,245.0,0.0,0.0,2.0,0.0
2027-06-17,254,call,250.0,533.9,536.87,1.0,10.0
2027-06-17,254,call,255.0,521.03,526.0,0.0,0.0
2027-06-17,254,call,260.0,494.0,498.75,0.0,0.0
2027-06-17,254,call,280.0,504.99,507.43,2.0,3.0
2027-06-17,254,call,300.0,474.24,477.98,1.0,63.0
2027-06-17,254,call,305.0,481.02,483.4,3.0,12.0
2027-06-17,254,call,310.0,476.09,479.2,1.0,50.0
2027-06-17,254,call,315.0,0.0,0.0,14.0,0.0
2027-06-17,254,call,320.0,466.59,469.08,0.0,1.0
2027-06-17,254,call,330.0,445.56,447.0,1.0,0.0
2027-06-17,254,call,335.0,413.0,417.62,0.0,0.0
2027-06-17,254,call,340.0,430.0,434.5,7.0,6.0
2027-06-17,254,call,345.0,417.01,420.71,1.0,3.0
2027-06-17,254,call,350.0,437.76,440.31,3.0,9.0
2027-06-17,254,call,355.0,0.0,0.0,1.0,0.0
2027-06-17,254,call,360.0,428.04,431.23,1.0,47.0
2027-06-17,254,call,365.0,406.02,411.0,5.0,6.0
2027-06-17,254,call,370.0,418.57,421.12,1.0,4.0
2027-06-17,254,call,375.0,413.77,416.34,1.0,35.0
2027-06-17,254,call,380.0,408.89,412.07,1.0,11.0
2027-06-17,254,call,385.0,0.0,0.0,2.0,0.0
2027-06-17,254,call,390.0,388.23,391.97,1.0,16.0
2027-06-17,254,call,395.0,388.0,392.5,0.0,0.0
2027-06-17,254,call,400.0,389.81,392.85,2.0,50.0
2027-06-17,254,call,405.0,362.45,366.5,1.0,2.0
2027-06-17,254,call,410.0,379.93,382.85,5.0,24.0
2027-06-17,254,call,415.0,375.33,378.61,1.0,1.0
2027-06-17,254,call,420.0,370.37,373.31,2.0,66.0
2027-06-17,254,call,425.0,365.89,368.51,2.0,23.0
2027-06-17,254,call,430.0,344.5,349.37,1.0,51.0
2027-06-17,254,call,435.0,0.0,0.0,1.0,0.0
2027-06-17,254,call,440.0,351.56,354.63,1.0,33.0
2027-06-17,254,call,445.0,330.22,335.0,2.0,21.0
2027-06-17,254,call,450.0,342.02,345.05,8.0,82.0
2027-06-17,254,call,455.0,337.13,340.46,2.0,41.0
2027-06-17,254,call,460.0,332.48,335.57,1.0,0.0
2027-06-17,254,call,465.0,291.82,295.71,1.0,10.0
2027-06-17,254,call,470.0,322.87,326.06,25.0,40.0
2027-06-17,254,call,475.0,318.2,321.31,25.0,39.0
2027-06-17,254,call,480.0,0.0,306.4,1.0,0.0
2027-06-17,254,call,485.0,308.61,311.42,2.0,147.0
2027-06-17,254,call,490.0,288.0,292.96,4.0,20.0
2027-06-17,254,call,495.0,299.11,302.41,9.0,27.0
2027-06-17,254,call,500.0,294.34,297.61,1.0,164.0
2027-06-17,254,call,505.0,274.0,278.97,6.0,3.0
2027-06-17,254,call,510.0,269.5,274.33,6.0,66.0
2027-06-17,254,call,515.0,270.02,273.67,8.0,21.0
2027-06-17,254,call,520.0,275.46,278.33,1.0,14.0
2027-06-17,254,call,525.0,270.83,273.55,2.0,14.0
2027-06-17,254,call,530.0,266.03,269.32,1.0,84.0
2027-06-17,254,call,535.0,261.17,264.61,3.0,21.0
2027-06-17,254,call,540.0,256.48,259.44,4.0,72.0
2027-06-17,254,call,545.0,251.9,255.37,1.0,362.0
2027-06-17,254,call,550.0,247.24,250.56,1.0,894.0
2027-06-17,254,call,555.0,242.56,245.45,1.0,412.0
2027-06-17,254,call,560.0,237.87,241.22,1.0,120.0
2027-06-17,254,call,565.0,233.19,236.7,2.0,16.0
2027-06-17,254,call,570.0,228.45,231.45,2.0,57.0
2027-06-17,254,call,575.0,223.81,226.78,10.0,57.0
2027-06-17,254,call,580.0,219.24,222.62,1.0,271.0
2027-06-17,254,call,585.0,214.61,218.16,1.0,117.0
2027-06-17,254,call,590.0,210.11,213.56,1.0,80.0
2027-06-17,254,call,595.0,205.38,208.39,48.0,57.0
2027-06-17,254,call,600.0,200.82,204.21,10.0,481.0
2027-06-17,254,call,605.0,196.23,199.79,2.0,30.0
2027-06-17,254,call,610.0,191.74,194.65,1.0,202.0
2027-06-17,254,call,615.0,187.18,190.04,4.0,65.0
2027-06-17,254,call,620.0,182.47,185.59,2.0,467.0
2027-06-17,254,call,625.0,178.05,181.53,4.0,154.0
2027-06-17,254,call,630.0,173.54,176.99,1.0,356.0
2027-06-17,254,call,635.0,169.04,172.63,42.0,385.0
2027-06-17,254,call,640.0,164.56,167.58,1.0,539.0
2027-06-17,254,call,645.0,160.15,163.15,1.0,232.0
2027-06-17,254,call,650.0,155.65,159.32,3.0,1132.0
2027-06-17,254,call,655.0,151.35,154.47,71.0,358.0
2027-06-17,254,call,660.0,146.84,149.13,5.0,447.0
2027-06-17,254,call,665.0,142.46,146.1,21.0,134.0
2027-06-17,254,call,670.0,138.23,141.84,3.0,542.0
2027-06-17,254,call,675.0,133.79,136.12,2.0,419.0
2027-06-17,254,call,680.0,129.49,131.82,2.0,1839.0
2027-06-17,254,call,685.0,125.22,127.56,1.0,622.0
2027-06-17,254,call,690.0,120.97,123.3,1.0,742.0
2027-06-17,254,call,695.0,116.79,119.08,1.0,355.0
2027-06-17,254,call,700.0,112.58,116.24,15.0,2806.0
2027-06-17,254,call,705.0,108.56,110.77,1.0,534.0
2027-06-17,254,call,710.0,104.37,106.65,1.0,409.0
2027-06-17,254,call,715.0,100.54,103.94,1.0,430.0
2027-06-17,254,call,720.0,96.62,98.52,2.0,937.0
2027-06-17,254,call,725.0,92.7,94.48,3.0,1441.0
2027-06-17,254,call,730.0,88.8,90.52,16.0,1121.0
2027-06-17,254,call,735.0,84.83,86.67,2.0,953.0
2027-06-17,254,call,740.0,81.21,82.78,6.0,960.0
2027-06-17,254,call,745.0,77.48,78.96,5.0,1527.0
2027-06-17,254,call,750.0,73.65,75.18,11.0,1941.0
2027-06-17,254,call,755.0,70.13,71.56,16.0,1576.0
2027-06-17,254,call,760.0,67.51,67.86,18.0,3547.0
2027-06-17,254,call,765.0,62.1,64.32,3.0,2645.0
2027-06-17,254,call,770.0,60.55,60.85,10.0,1885.0
2027-06-17,254,call,775.0,57.08,57.39,83.0,2106.0
2027-06-17,254,call,780.0,53.83,54.09,44.0,3352.0
2027-06-17,254,call,785.0,50.56,50.82,6.0,3731.0
2027-06-17,254,call,790.0,47.44,47.65,34.0,2748.0
2027-06-17,254,call,795.0,44.39,44.61,1.0,3745.0
2027-06-17,254,call,800.0,41.48,41.56,65.0,17228.0
2027-06-17,254,call,805.0,38.64,38.72,3.0,2253.0
2027-06-17,254,call,810.0,35.92,35.98,2.0,3245.0
2027-06-17,254,call,815.0,33.25,33.34,3.0,3661.0
2027-06-17,254,call,820.0,30.81,30.88,23.0,4266.0
2027-06-17,254,call,825.0,28.45,28.51,8.0,3093.0
2027-06-17,254,call,830.0,26.19,26.25,3.0,3098.0
2027-06-17,254,call,835.0,24.07,24.15,30.0,2735.0
2027-06-17,254,call,840.0,22.09,22.15,43.0,4664.0
2027-06-17,254,call,845.0,20.17,20.22,18.0,4087.0
2027-06-17,254,call,850.0,18.46,18.52,13.0,5119.0
2027-06-17,254,call,855.0,16.84,16.9,2.0,5621.0
2027-06-17,254,call,860.0,15.33,15.38,69.0,6142.0
2027-06-17,254,call,865.0,13.92,13.97,62.0,12342.0
2027-06-17,254,call,870.0,12.67,12.73,52.0,3970.0
2027-06-17,254,call,875.0,11.46,11.51,1.0,2058.0
2027-06-17,254,call,880.0,10.41,10.45,56.0,6360.0
2027-06-17,254,call,885.0,9.4,9.44,2.0,9791.0
2027-06-17,254,call,890.0,8.48,8.52,13.0,12312.0
2027-06-17,254,call,895.0,7.65,7.7,349.0,15387.0
2027-06-17,254,call,900.0,6.91,6.95,37.0,10673.0
2027-06-17,254,call,905.0,6.21,6.26,1.0,6500.0
2027-06-17,254,call,910.0,5.56,5.6,199.0,2925.0
2027-06-17,254,call,915.0,4.99,5.02,6.0,5016.0
2027-06-17,254,call,920.0,4.47,4.5,5.0,4878.0
2027-06-17,254,call,925.0,3.99,4.03,2.0,3359.0
2027-06-17,254,call,930.0,3.57,3.61,31.0,2946.0
2027-06-17,254,call,935.0,3.19,3.21,1.0,1305.0
2027-06-17,254,call,940.0,2.85,2.87,1.0,2014.0
2027-06-17,254,call,945.0,2.53,2.56,2.0,3284.0
2027-06-17,254,call,950.0,2.26,2.28,10.0,2111.0
2027-06-17,254,call,955.0,2.02,2.04,4.0,1457.0
2027-06-17,254,call,960.0,1.8,1.82,2.0,875.0
2027-06-17,254,call,965.0,1.6,1.62,4.0,398.0
2027-06-17,254,call,970.0,1.44,1.46,12.0,3768.0
2027-06-17,254,call,975.0,1.28,1.3,3.0,1301.0
2027-06-17,254,call,980.0,1.15,1.17,1.0,1568.0
2027-06-17,254,call,985.0,1.02,1.05,1.0,858.0
2027-06-17,254,call,990.0,0.93,0.95,1.0,3370.0
2027-06-17,254,call,995.0,0.83,0.85,1.0,600.0
2027-06-17,254,call,1000.0,0.75,0.76,250.0,4402.0
2027-06-17,254,call,1005.0,0.67,0.69,2.0,774.0
2027-06-17,254,call,1010.0,0.61,0.62,4.0,1355.0
2027-06-17,254,call,1015.0,0.55,0.57,92.0,237.0
2027-06-17,254,call,1020.0,0.5,0.52,1.0,815.0
2027-06-17,254,call,1025.0,0.46,0.48,2.0,82.0
2027-06-17,254,call,1030.0,0.42,0.43,1.0,498.0
2027-06-17,254,call,1035.0,0.39,0.4,1.0,107.0
2027-06-17,254,call,1040.0,0.36,0.37,4.0,216.0
2027-06-17,254,call,1050.0,0.3,0.31,7.0,189.0
2027-06-17,254,call,1060.0,0.26,0.27,4.0,431.0
2027-06-17,254,call,1070.0,0.22,0.23,2.0,798.0
2027-06-17,254,call,1080.0,0.19,0.2,1.0,101.0
2027-06-17,254,call,1090.0,0.16,0.18,1.0,1392.0
2027-06-17,254,call,1100.0,0.14,0.16,100.0,5114.0
2027-06-17,254,call,1110.0,0.12,0.14,29.0,130.0
2027-06-17,254,call,1120.0,0.11,0.12,6.0,3802.0
2027-06-17,254,call,1130.0,0.1,0.11,200.0,1633.0
2027-06-17,254,call,1140.0,0.09,0.1,22.0,425.0
2027-06-17,254,call,1150.0,0.08,0.1,337.0,446.0
2027-06-17,254,call,1160.0,0.07,0.09,1.0,75.0
2027-06-17,254,call,1170.0,0.07,0.08,200.0,1288.0
2027-06-17,254,call,1180.0,0.06,0.08,250.0,388.0
2027-06-17,254,call,1190.0,0.05,0.06,28.0,1576.0
2027-06-17,254,call,1200.0,0.05,0.06,54.0,998.0
2027-06-17,254,call,1210.0,0.05,0.06,7.0,766.0
2027-06-17,254,call,1220.0,0.05,0.07,95.0,142.0
2027-06-17,254,call,1230.0,0.04,0.06,1.0,220.0
2027-06-17,254,call,1240.0,0.04,0.05,1.0,19.0
2027-06-17,254,call,1250.0,0.03,0.05,1.0,339.0
2027-06-17,254,call,1260.0,0.0,0.0,11.0,0.0
2027-06-17,254,call,1270.0,0.03,0.05,1.0,95.0
2027-06-17,254,call,1280.0,0.03,0.04,1.0,25.0
2027-06-17,254,call,1290.0,0.03,0.04,10.0,1097.0
2027-06-17,254,call,1300.0,0.02,0.04,1.0,82.0
2027-06-17,254,call,1310.0,0.02,0.04,2.0,912.0
2027-06-17,254,call,1320.0,0.02,0.03,40.0,0.0
2027-06-17,254,call,1330.0,0.02,0.04,1.0,114.0
2027-06-17,254,call,1340.0,0.02,0.04,1.0,953.0
2027-06-17,254,call,1350.0,0.0,0.0,0.0,0.0
2027-06-17,254,call,1360.0,0.02,0.03,4.0,0.0
2027-06-17,254,call,1370.0,0.0,0.0,8.0,0.0
2027-06-17,254,call,1380.0,0.02,0.03,0.0,1.0
2027-06-17,254,call,1400.0,0.01,0.03,300.0,303.0
2027-06-17,254,call,1410.0,0.02,0.03,1.0,7.0
2027-06-17,254,call,1420.0,0.01,0.03,20.0,159.0
2027-06-17,254,call,1430.0,0.01,0.03,1.0,175.0
2027-06-17,254,call,1440.0,0.0,0.0,1.0,0.0
2027-06-17,254,call,1450.0,0.01,0.02,1.0,506.0
2027-06-17,254,call,1460.0,0.01,0.03,2.0,31.0
2027-06-17,254,call,1470.0,0.01,0.02,1.0,156.0
2027-06-17,254,call,1480.0,0.01,0.02,3.0,1022.0
2027-06-17,254,put,50.0,0.0,0.01,42.0,9885.0
2027-06-17,254,put,55.0,0.0,0.0,15.0,0.0
2027-06-17,254,put,60.0,0.01,0.02,100.0,7276.0
2027-06-17,254,put,65.0,0.01,0.02,80.0,219.0
2027-06-17,254,put,70.0,0.01,0.02,1.0,1166.0
2027-06-17,254,put,75.0,0.01,0.03,40.0,2601.0
2027-06-17,254,put,80.0,0.02,0.03,1.0,569.0
2027-06-17,254,put,85.0,0.02,0.03,4.0,69.0
2027-06-17,254,put,90.0,0.03,0.04,1.0,212.0
2027-06-17,254,put,95.0,0.08,0.1,10.0,26.0
2027-06-17,254,put,100.0,0.04,0.05,1.0,8676.0
2027-06-17,254,put,105.0,0.0,0.0,812.0,0.0
2027-06-17,254,put,110.0,0.05,0.06,3377.0,4103.0
2027-06-17,254,put,115.0,0.0,0.0,5.0,0.0
2027-06-17,254,put,120.0,0.06,0.07,56.0,2964.0
2027-06-17,254,put,125.0,0.07,0.08,5.0,62.0
2027-06-17,254,put,130.0,0.07,0.09,2600.0,5063.0
2027-06-17,254,put,135.0,0.08,0.09,9.0,567.0
2027-06-17,254,put,140.0,0.09,0.1,5086.0,14867.0
2027-06-17,254,put,145.0,0.1,0.11,5.0,2548.0
2027-06-17,254,put,150.0,0.11,0.12,1.0,4257.0
2027-06-17,254,put,155.0,0.12,0.13,10.0,58.0
2027-06-17,254,put,160.0,0.13,0.14,2390.0,3984.0
2027-06-17,254,put,165.0,0.14,0.15,5.0,270.0
2027-06-17,254,put,170.0,0.15,0.16,6.0,448.0
2027-06-17,254,put,175.0,0.16,0.18,5.0,32.0
2027-06-17,254,put,180.0,0.18,0.19,3.0,8694.0
2027-06-17,254,put,185.0,0.19,0.2,3.0,148.0
2027-06-17,254,put,190.0,0.2,0.21,1.0,216.0
2027-06-17,254,put,195.0,0.22,0.23,1.0,557.0
2027-06-17,254,put,200.0,0.23,0.24,2.0,3136.0
2027-06-17,254,put,205.0,0.25,0.26,50.0,627.0
2027-06-17,254,put,210.0,0.26,0.28,15.0,770.0
2027-06-17,254,put,215.0,0.0,0.0,1.0,0.0
2027-06-17,254,put,220.0,0.0,0.0,10.0,0.0
2027-06-17,254,put,225.0,0.32,0.33,33.0,3028.0
2027-06-17,254,put,230.0,0.34,0.35,80.0,2260.0
2027-06-17,254,put,235.0,0.36,0.37,10.0,750.0
2027-06-17,254,put,240.0,0.38,0.39,10.0,330.0
2027-06-17,254,put,245.0,0.4,0.41,1.0,395.0
2027-06-17,254,put,250.0,0.43,0.44,3.0,8567.0
2027-06-17,254,put,255.0,0.45,0.46,3.0,401.0
2027-06-17,254,put,260.0,0.47,0.48,1.0,225.0
2027-06-17,254,put,265.0,0.5,0.51,1.0,14.0
2027-06-17,254,put,270.0,0.52,0.53,2.0,679.0
2027-06-17,254,put,275.0,0.55,0.56,1.0,61.0
2027-06-17,254,put,280.0,0.87,0.88,1.0,58.0
2027-06-17,254,put,285.0,0.61,0.62,1.0,32.0
2027-06-17,254,put,290.0,0.63,0.65,1.0,48.0
2027-06-17,254,put,295.0,0.66,0.68,1.0,270.0
2027-06-17,254,put,300.0,0.7,0.71,1.0,5368.0
2027-06-17,254,put,305.0,0.73,0.74,1.0,84.0
2027-06-17,254,put,310.0,0.76,0.77,1.0,38.0
2027-06-17,254,put,315.0,0.79,0.81,1.0,30.0
2027-06-17,254,put,320.0,0.83,0.84,1.0,272.0
2027-06-17,254,put,325.0,0.86,0.88,25.0,567.0
2027-06-17,254,put,330.0,0.9,0.91,730.0,899.0
2027-06-17,254,put,335.0,0.94,0.95,4.0,83.0
2027-06-17,254,put,340.0,0.98,0.99,10.0,2905.0
2027-06-17,254,put,345.0,1.02,1.03,19.0,184.0
2027-06-17,254,put,350.0,1.06,1.07,2956.0,5378.0
2027-06-17,254,put,355.0,1.1,1.11,1.0,402.0
2027-06-17,254,put,360.0,1.15,1.16,1.0,173.0
2027-06-17,254,put,365.0,1.19,1.2,2.0,146.0
2027-06-17,254,put,370.0,1.24,1.25,1.0,175.0
2027-06-17,254,put,375.0,1.29,1.3,2.0,316.0
2027-06-17,254,put,380.0,1.34,1.35,2.0,229.0
2027-06-17,254,put,385.0,1.39,1.4,1.0,238.0
2027-06-17,254,put,390.0,1.44,1.45,3.0,465.0
2027-06-17,254,put,395.0,1.49,1.51,2.0,120.0
2027-06-17,254,put,400.0,1.55,1.56,200.0,4192.0
2027-06-17,254,put,405.0,1.61,1.62,1.0,66.0
2027-06-17,254,put,410.0,1.67,1.68,2.0,444.0
2027-06-17,254,put,415.0,1.73,1.74,73.0,626.0
2027-06-17,254,put,420.0,1.85,1.86,1.0,364.0
2027-06-17,254,put,425.0,1.85,1.87,3.0,1100.0
2027-06-17,254,put,430.0,1.92,1.93,22.0,679.0
2027-06-17,254,put,435.0,1.99,2.0,11.0,359.0
2027-06-17,254,put,440.0,2.06,2.07,5.0,922.0
2027-06-17,254,put,445.0,2.13,2.14,10.0,1641.0
2027-06-17,254,put,450.0,2.2,2.21,3.0,6560.0
2027-06-17,254,put,455.0,2.28,2.29,1.0,422.0
2027-06-17,254,put,460.0,2.36,2.37,2.0,412.0
2027-06-17,254,put,465.0,2.44,2.46,2.0,956.0
2027-06-17,254,put,470.0,2.52,2.54,21.0,760.0
2027-06-17,254,put,475.0,2.61,2.63,35.0,2321.0
2027-06-17,254,put,480.0,2.7,2.72,35.0,664.0
2027-06-17,254,put,485.0,2.79,2.81,25.0,485.0
2027-06-17,254,put,490.0,2.89,2.91,10.0,779.0
2027-06-17,254,put,495.0,2.99,3.01,1.0,891.0
2027-06-17,254,put,500.0,3.09,3.12,3.0,11226.0
2027-06-17,254,put,505.0,3.2,3.22,3.0,1845.0
2027-06-17,254,put,510.0,3.32,3.34,23.0,643.0
2027-06-17,254,put,515.0,3.43,3.45,2.0,1289.0
2027-06-17,254,put,520.0,3.56,3.58,13.0,2113.0
2027-06-17,254,put,525.0,3.69,3.7,2.0,1581.0
2027-06-17,254,put,530.0,3.82,3.85,5.0,2195.0
2027-06-17,254,put,535.0,3.96,3.98,47.0,2813.0
2027-06-17,254,put,540.0,4.1,4.13,407.0,2871.0
2027-06-17,254,put,545.0,4.26,4.28,2.0,4079.0
2027-06-17,254,put,550.0,4.42,4.44,6.0,4821.0
2027-06-17,254,put,555.0,4.58,4.61,1.0,1901.0
2027-06-17,254,put,560.0,4.76,4.78,1.0,2152.0
2027-06-17,254,put,565.0,4.95,4.98,11.0,3675.0
2027-06-17,254,put,570.0,5.13,5.17,501.0,2692.0
2027-06-17,254,put,575.0,5.34,5.36,1.0,3376.0
2027-06-17,254,put,580.0,5.55,5.58,5.0,3029.0
2027-06-17,254,put,585.0,5.77,5.8,4.0,2490.0
2027-06-17,254,put,590.0,6.0,6.04,4.0,2069.0
2027-06-17,254,put,595.0,6.25,6.28,20.0,1897.0
2027-06-17,254,put,600.0,6.5,6.54,49.0,7702.0
2027-06-17,254,put,605.0,6.78,6.81,23.0,2175.0
2027-06-17,254,put,610.0,7.06,7.09,2.0,2406.0
2027-06-17,254,put,615.0,7.36,7.4,171.0,3154.0
2027-06-17,254,put,620.0,7.67,7.7,2.0,3160.0
2027-06-17,254,put,625.0,8.0,8.03,41.0,4532.0
2027-06-17,254,put,630.0,8.34,8.37,2.0,2791.0
2027-06-17,254,put,635.0,8.69,8.73,1.0,3025.0
2027-06-17,254,put,640.0,9.08,9.11,1.0,1454.0
2027-06-17,254,put,645.0,9.48,9.52,1.0,2611.0
2027-06-17,254,put,650.0,9.89,9.93,39.0,3545.0
2027-06-17,254,put,655.0,10.33,10.38,31.0,1806.0
2027-06-17,254,put,660.0,10.8,10.85,20.0,4112.0
2027-06-17,254,put,665.0,11.29,11.34,21.0,2913.0
2027-06-17,254,put,670.0,11.8,11.85,1000.0,4667.0
2027-06-17,254,put,675.0,12.35,12.39,2.0,3534.0
2027-06-17,254,put,680.0,12.92,12.96,19.0,7396.0
2027-06-17,254,put,685.0,13.52,13.57,3.0,17215.0
2027-06-17,254,put,690.0,14.15,14.19,6.0,3020.0
2027-06-17,254,put,695.0,14.81,14.86,3.0,2251.0
2027-06-17,254,put,700.0,15.5,15.55,102.0,11120.0
2027-06-17,254,put,705.0,16.25,16.3,5.0,2865.0
2027-06-17,254,put,710.0,17.02,17.07,2.0,14574.0
2027-06-17,254,put,715.0,17.84,17.89,13.0,2560.0
2027-06-17,254,put,720.0,18.69,18.75,8.0,3721.0
2027-06-17,254,put,725.0,19.59,19.67,170.0,2348.0
2027-06-17,254,put,730.0,20.56,20.63,1.0,4479.0
2027-06-17,254,put,735.0,21.58,21.65,11.0,2391.0
2027-06-17,254,put,740.0,22.64,22.72,7.0,3093.0
2027-06-17,254,put,745.0,23.76,23.83,13.0,2085.0
2027-06-17,254,put,750.0,24.95,25.02,129.0,7409.0
2027-06-17,254,put,755.0,26.21,26.29,11.0,2033.0
2027-06-17,254,put,760.0,27.53,27.62,6.0,4625.0
2027-06-17,254,put,765.0,28.93,29.02,1.0,2808.0
2027-06-17,254,put,770.0,30.5,30.51,641.0,2718.0
2027-06-17,254,put,775.0,32.0,32.1,18.0,2004.0
2027-06-17,254,put,780.0,33.69,33.8,319.0,3879.0
2027-06-17,254,put,785.0,35.48,35.59,26.0,1526.0
2027-06-17,254,put,790.0,37.41,37.54,2.0,1060.0
2027-06-17,254,put,795.0,39.41,39.53,2.0,1478.0
2027-06-17,254,put,800.0,41.58,41.71,3.0,7280.0
2027-06-17,254,put,805.0,43.87,43.99,1.0,2487.0
2027-06-17,254,put,810.0,46.31,46.45,27.0,850.0
2027-06-17,254,put,815.0,48.95,49.06,47.0,1810.0
2027-06-17,254,put,820.0,51.6,51.87,1.0,1824.0
2027-06-17,254,put,825.0,54.5,54.72,8.0,209.0
2027-06-17,254,put,830.0,57.61,57.83,5.0,1158.0
2027-06-17,254,put,835.0,60.84,61.11,58.0,5444.0
2027-06-17,254,put,840.0,64.3,64.67,1.0,3288.0
2027-06-17,254,put,845.0,67.9,69.29,10.0,2711.0
2027-06-17,254,put,850.0,71.72,73.39,8.0,11.0
2027-06-17,254,put,855.0,74.33,77.76,55.0,1.0
2027-06-17,254,put,860.0,78.67,82.3,1.0,1.0
2027-06-17,254,put,865.0,83.19,86.87,40.0,0.0
2027-06-17,254,put,870.0,88.0,91.56,1.0,1.0
2027-06-17,254,put,880.0,97.99,101.46,1.0,0.0
2027-06-17,254,put,885.0,118.65,122.69,2.0,0.0
2027-06-17,254,put,900.0,0.0,0.0,1.0,0.0
2027-06-17,254,put,920.0,149.25,152.85,0.0,0.0
2027-06-17,254,put,930.0,0.0,0.0,50.0,0.0
2027-06-17,254,put,945.0,0.0,0.0,0.0,0.0
2027-06-17,254,put,950.0,195.72,199.61,0.0,0.0
2027-06-17,254,put,1000.0,0.0,0.0,0.0,0.0
2027-06-17,254,put,1010.0,250.67,254.83,0.0,0.0
2027-06-17,254,put,1040.0,269.03,272.76,0.0,0.0
2027-06-17,254,put,1270.0,0.0,0.0,0.0,0.0
2027-06-17,254,put,1330.0,0.0,0.0,1.0,0.0
2027-06-17,254,put,1340.0,0.0,0.0,1.0,0.0
2027-09-30,359,call,600.0,209.37,214.0,0.0,23.0
2027-09-30,359,call,610.0,200.58,205.0,0.0,1.0
2027-09-30,359,call,620.0,191.67,196.5,0.0,1.0
2027-09-30,359,call,640.0,174.56,179.0,0.0,5.0
2027-09-30,359,call,650.0,166.09,170.5,1.0,1.0
2027-09-30,359,call,675.0,145.14,150.0,0.0,1.0
2027-09-30,359,call,680.0,141.09,146.0,2.0,0.0
2027-09-30,359,call,685.0,137.02,141.5,1.0,1.0
2027-09-30,359,call,690.0,133.15,137.5,0.0,1.0
2027-09-30,359,call,710.0,117.5,121.99,0.0,1.0
2027-09-30,359,call,714.0,114.54,118.5,1.0,0.0
2027-09-30,359,call,730.0,102.58,106.5,0.0,10.0
2027-09-30,359,call,740.0,95.23,99.0,0.0,2.0
2027-09-30,359,call,750.0,88.12,92.0,4.0,61.0
2027-09-30,359,call,761.0,80.51,84.0,0.0,2.0
2027-09-30,359,call,765.0,77.8,81.5,3.0,4.0
2027-09-30,359,call,766.0,78.31,80.5,0.0,11.0
2027-09-30,359,call,767.0,77.63,80.0,0.0,1.0
2027-09-30,359,call,768.0,76.81,79.5,13.0,10.0
2027-09-30,359,call,770.0,75.59,78.0,8.0,21.0
2027-09-30,359,call,775.0,72.25,74.5,2.0,3.0
2027-09-30,359,call,777.0,70.9,73.46,1.0,1.0
2027-09-30,359,call,780.0,67.78,69.34,5.0,21.0
2027-09-30,359,call,788.0,63.76,66.0,0.0,40.0
2027-09-30,359,call,790.0,62.51,65.0,3.0,2.0
2027-09-30,359,call,794.0,60.09,62.5,7.0,7.0
2027-09-30,359,call,795.0,59.48,62.0,0.0,0.0
2027-09-30,359,call,800.0,56.36,59.0,7.0,101.0
2027-09-30,359,call,802.0,55.22,55.54,14.0,14.0
2027-09-30,359,call,805.0,53.51,53.85,1.0,3.0
2027-09-30,359,call,806.0,52.94,53.05,1.0,154.0
2027-09-30,359,call,810.0,50.65,50.76,3.0,3185.0
2027-09-30,359,call,815.0,47.89,48.0,1.0,2.0
2027-09-30,359,call,820.0,45.2,45.3,33.0,34.0
2027-09-30,359,call,830.0,40.07,40.18,20.0,10.0
2027-09-30,359,call,840.0,35.3,35.4,10.0,1032.0
2027-09-30,359,call,845.0,33.1,33.2,3.0,27.0
2027-09-30,359,call,850.0,30.95,31.05,3.0,16.0
2027-09-30,359,call,860.0,26.98,27.07,20.0,41.0
2027-09-30,359,call,870.0,23.37,23.46,0.0,203.0
2027-09-30,359,call,880.0,20.2,20.25,3.0,286.0
2027-09-30,359,call,900.0,14.91,14.98,0.0,2.0
2027-09-30,359,call,905.0,13.79,13.86,0.0,42.0
2027-09-30,359,call,910.0,12.75,12.82,9.0,11.0
2027-09-30,359,call,915.0,11.77,11.82,5.0,109.0
2027-09-30,359,call,920.0,10.86,10.92,2.0,169.0
2027-09-30,359,call,925.0,10.01,10.07,0.0,5.0
2027-09-30,359,call,930.0,9.24,9.31,1.0,65.0
2027-09-30,359,call,935.0,8.51,8.58,5.0,254.0
2027-09-30,359,call,940.0,7.83,7.89,1.0,48.0
2027-09-30,359,call,945.0,7.2,7.26,3.0,620.0
2027-09-30,359,call,950.0,6.61,6.67,96.0,104.0
2027-09-30,359,call,955.0,6.07,6.13,0.0,1.0
2027-09-30,359,call,975.0,4.27,4.33,0.0,5.0
2027-09-30,359,call,980.0,3.92,3.98,5.0,3.0
2027-09-30,359,call,985.0,3.58,3.63,250.0,2.0
2027-09-30,359,call,995.0,3.01,3.06,2.0,1.0
2027-09-30,359,put,540.0,6.36,6.42,5.0,72.0
2027-09-30,359,put,550.0,6.85,6.89,1.0,30.0
2027-09-30,359,put,560.0,7.36,7.41,52.0,253.0
2027-09-30,359,put,570.0,7.91,7.97,1.0,32.0
2027-09-30,359,put,575.0,8.22,8.27,0.0,85.0
2027-09-30,359,put,580.0,8.52,8.58,28.0,58.0
2027-09-30,359,put,590.0,9.17,9.24,0.0,18.0
2027-09-30,359,put,595.0,9.53,9.59,1.0,1.0
2027-09-30,359,put,600.0,9.9,9.96,8.0,17.0
2027-09-30,359,put,605.0,10.27,10.34,166.0,166.0
2027-09-30,359,put,610.0,10.67,10.73,0.0,11.0
2027-09-30,359,put,620.0,11.53,11.59,5.0,24.0
2027-09-30,359,put,625.0,11.97,12.03,2.0,40.0
2027-09-30,359,put,630.0,12.44,12.51,1.0,46.0
2027-09-30,359,put,640.0,13.43,13.51,0.0,36.0
2027-09-30,359,put,650.0,14.52,14.59,12.0,26.0
2027-09-30,359,put,675.0,17.66,17.74,2.0,5.0
2027-09-30,359,put,680.0,18.36,18.44,1.0,1.0
2027-09-30,359,put,685.0,19.09,19.17,1.0,14.0
2027-09-30,359,put,690.0,19.87,19.95,1.0,7103.0
2027-09-30,359,put,691.0,20.02,20.11,0.0,15.0
2027-09-30,359,put,692.0,20.16,20.26,0.0,2.0
2027-09-30,359,put,693.0,20.34,20.44,0.0,4.0
2027-09-30,359,put,695.0,20.66,20.76,1.0,60.0
2027-09-30,359,put,698.0,21.15,21.25,4.0,7.0
2027-09-30,359,put,700.0,21.5,21.6,9.0,33.0
2027-09-30,359,put,701.0,21.66,21.76,0.0,1.0
2027-09-30,359,put,707.0,22.72,22.83,182.0,180.0
2027-09-30,359,put,708.0,22.89,23.01,0.0,6.0
2027-09-30,359,put,709.0,23.09,23.2,207.0,205.0
2027-09-30,359,put,710.0,23.27,23.38,1.0,10.0
2027-09-30,359,put,720.0,25.22,25.33,1.0,2.0
2027-09-30,359,put,721.0,25.41,25.53,1.0,1.0
2027-09-30,359,put,725.0,26.24,26.36,5.0,6.0
2027-09-30,359,put,727.0,26.65,26.78,1.0,1000.0
2027-09-30,359,put,730.0,27.33,27.46,3.0,48.0
2027-09-30,359,put,732.0,27.76,27.88,2.0,2.0
2027-09-30,359,put,735.0,28.44,28.57,1.0,3.0
2027-09-30,359,put,740.0,29.62,29.76,4.0,5.0
2027-09-30,359,put,742.0,30.09,30.23,0.0,1.0
2027-09-30,359,put,743.0,30.35,30.49,1.0,1.0
2027-09-30,359,put,745.0,30.82,30.96,0.0,26.0
2027-09-30,359,put,750.0,32.11,32.24,1.0,86.0
2027-09-30,359,put,754.0,33.17,33.3,1.0,1.0
2027-09-30,359,put,760.0,34.84,34.97,2.0,7.0
2027-09-30,359,put,762.0,35.41,35.54,0.0,3.0
2027-09-30,359,put,764.0,36.0,36.15,2.0,4.0
2027-09-30,359,put,765.0,36.29,36.42,1.0,2.0
2027-09-30,359,put,766.0,36.59,36.73,1.0,1.0
2027-09-30,359,put,768.0,37.2,37.33,3.0,1.0
2027-09-30,359,put,770.0,37.83,37.96,1.0,108.0
2027-09-30,359,put,775.0,39.42,39.55,12.0,13.0
2027-09-30,359,put,778.0,40.41,40.55,1.0,1.0
2027-09-30,359,put,779.0,40.75,40.88,30.0,2.0
2027-09-30,359,put,781.0,41.44,41.57,1.0,3.0
2027-09-30,359,put,784.0,42.48,42.62,0.0,21.0
2027-09-30,359,put,785.0,42.84,42.99,3.0,3002.0
2027-09-30,359,put,786.0,43.21,43.36,2.0,127.0
2027-09-30,359,put,787.0,43.58,43.75,0.0,60.0
2027-09-30,359,put,789.0,44.32,44.49,0.0,182.0
2027-09-30,359,put,791.0,45.05,45.21,11.0,11.0
2027-09-30,359,put,800.0,48.65,48.84,4.0,59.0
2027-09-30,359,put,805.0,50.78,50.96,0.0,1.0
2027-09-30,359,put,810.0,53.01,53.23,0.0,2.0
2027-09-30,359,put,820.0,57.86,58.09,0.0,0.0
2027-09-30,359,put,825.0,60.44,60.67,1.0,2.0
2027-09-30,359,put,830.0,63.24,63.43,0.0,0.0
2027-09-30,359,put,835.0,66.06,66.31,0.0,1.0
2027-09-30,359,put,840.0,69.08,69.43,0.0,0.0
2027-09-30,359,put,855.0,77.92,81.72,0.0,0.0
2027-09-30,359,put,860.0,81.38,85.42,0.0,1.0
