days,T,strike,k,iv,forward,discount,type,mid,rel_spread
7,0.019178082191780823,700.0,-0.10951601724151493,0.3104927133590386,781.0165592852755,0.9992264637171256,put,0.055,0.18181818181818174
7,0.019178082191780823,705.0,-0.10239854947265103,0.29238587041481695,781.0165592852755,0.9992264637171256,put,0.055,0.18181818181818174
7,0.019178082191780823,710.0,-0.09533138224955855,0.2743057832197425,781.0165592852755,0.9992264637171256,put,0.055,0.18181818181818174
7,0.019178082191780823,715.0,-0.08831380959091197,0.26129220094731087,781.0165592852755,0.9992264637171256,put,0.065,0.15384615384615397
7,0.019178082191780823,720.0,-0.08134514027481858,0.24721403676148898,781.0165592852755,0.9992264637171256,put,0.07500000000000001,0.13333333333333325
7,0.019178082191780823,723.0,-0.07718713012615494,0.23604581547090045,781.0165592852755,0.9992264637171256,put,0.07500000000000001,0.13333333333333325
7,0.019178082191780823,724.0,-0.07580495989920329,0.23232150632291698,781.0165592852755,0.9992264637171256,put,0.07500000000000001,0.13333333333333325
7,0.019178082191780823,725.0,-0.0744246974302449,0.23224951891277487,781.0165592852755,0.9992264637171256,put,0.08499999999999999,0.11764705882352937
7,0.019178082191780823,726.0,-0.0730463374601236,0.22847553670366968,781.0165592852755,0.9992264637171256,put,0.08499999999999999,0.11764705882352937
7,0.019178082191780823,727.0,-0.07166987475140033,0.22470012262206243,781.0165592852755,0.9992264637171256,put,0.08499999999999999,0.11764705882352937
7,0.019178082191780823,728.0,-0.07029530408823363,0.22092311964909545,781.0165592852755,0.9992264637171256,put,0.08499999999999999,0.11764705882352937
7,0.019178082191780823,729.0,-0.06892262027626146,0.2203389087779551,781.0165592852755,0.9992264637171256,put,0.095,0.10526315789473693
7,0.019178082191780823,730.0,-0.06755181814248282,0.21651426146145714,781.0165592852755,0.9992264637171256,put,0.095,0.10526315789473693
7,0.019178082191780823,731.0,-0.06618289253514115,0.21268738872119564,781.0165592852755,0.9992264637171256,put,0.095,0.10526315789473693
7,0.019178082191780823,732.0,-0.0648158383236081,0.20885810518367293,781.0165592852755,0.9992264637171256,put,0.095,0.10526315789473693
7,0.019178082191780823,733.0,-0.06345065039826818,0.20783703251011537,781.0165592852755,0.9992264637171256,put,0.10500000000000001,0.09523809523809518
7,0.019178082191780823,734.0,-0.062087323670404114,0.20396112078557446,781.0165592852755,0.9992264637171256,put,0.10500000000000001,0.09523809523809518
7,0.019178082191780823,735.0,-0.06072585307208292,0.20008203215180295,781.0165592852755,0.9992264637171256,put,0.10500000000000001,0.09523809523809518
7,0.019178082191780823,736.0,-0.05936623355604337,0.1987212237180502,781.0165592852755,0.9992264637171256,put,0.11499999999999999,0.0869565217391304
7,0.019178082191780823,737.0,-0.05800846009558302,0.19479623609351598,781.0165592852755,0.9992264637171256,put,0.11499999999999999,0.0869565217391304
7,0.019178082191780823,738.0,-0.056652527684447146,0.1908671694758666,781.0165592852755,0.9992264637171256,put,0.11499999999999999,0.0869565217391304
7,0.019178082191780823,739.0,-0.055298431336717885,0.18920502989463514,781.0165592852755,0.9992264637171256,put,0.125,0.08000000000000007
7,0.019178082191780823,740.0,-0.05394616608670424,0.18523011671128287,781.0165592852755,0.9992264637171256,put,0.125,0.08000000000000007
7,0.019178082191780823,741.0,-0.0525957269888328,0.18333623371604205,781.0165592852755,0.9992264637171256,put,0.135,0.07407407407407414
7,0.019178082191780823,742.0,-0.051247109117539144,0.1793156493762188,781.0165592852755,0.9992264637171256,put,0.135,0.07407407407407414
7,0.019178082191780823,743.0,-0.04990030756716044,0.1772113704531093,781.0165592852755,0.9992264637171256,put,0.14500000000000002,0.06896551724137917
7,0.019178082191780823,744.0,-0.048555317451827756,0.17495261086696148,781.0165592852755,0.9992264637171256,put,0.155,0.06451612903225812
7,0.019178082191780823,745.0,-0.047212133905360124,0.17084707279983918,781.0165592852755,0.9992264637171256,put,0.155,0.06451612903225812
7,0.019178082191780823,746.0,-0.0458707520811588,0.16840809212071708,781.0165592852755,0.9992264637171256,put,0.165,0.060606060606060656
7,0.019178082191780823,747.0,-0.04453116715210237,0.16583831187283385,781.0165592852755,0.9992264637171256,put,0.175,0.05714285714285704
7,0.019178082191780823,748.0,-0.04319337431044244,0.16314643223298883,781.0165592852755,0.9992264637171256,put,0.185,0.054054054054054106
7,0.019178082191780823,749.0,-0.04185736876770011,0.16033972186902742,781.0165592852755,0.9992264637171256,put,0.195,0.05128205128205133
7,0.019178082191780823,750.0,-0.04052314575456348,0.15742433073154535,781.0165592852755,0.9992264637171256,put,0.20500000000000002,0.04878048780487795
7,0.019178082191780823,751.0,-0.039190700520784875,0.15440547353079306,781.0165592852755,0.9992264637171256,put,0.215,0.046511627906976785
7,0.019178082191780823,752.0,-0.037860028335079815,0.15248186725468424,781.0165592852755,0.9992264637171256,put,0.235,0.042553191489361625
7,0.019178082191780823,753.0,-0.03653112448502607,0.14921497389614813,781.0165592852755,0.9992264637171256,put,0.245,0.04081632653061228
7,0.019178082191780823,754.0,-0.0352039842769636,0.14692506414980186,781.0165592852755,0.9992264637171256,put,0.265,0.03773584905660381
7,0.019178082191780823,755.0,-0.03387860303589498,0.1454172732615901,781.0165592852755,0.9992264637171256,put,0.295,0.0338983050847458
7,0.019178082191780823,756.0,-0.03255497610538659,0.1417650514462496,781.0165592852755,0.9992264637171256,put,0.305,0.03278688524590167
7,0.019178082191780823,757.0,-0.031233098847470827,0.1397949231500899,781.0165592852755,0.9992264637171256,put,0.335,0.02985074626865674
7,0.019178082191780823,758.0,-0.029912966642547962,0.1375575576230935,781.0165592852755,0.9992264637171256,put,0.365,0.02739726027397263
7,0.019178082191780823,759.0,-0.02859457488928971,0.13469723351218701,781.0165592852755,0.9992264637171256,put,0.39,0.05128205128205133
7,0.019178082191780823,760.0,-0.027277919004542888,0.13237162899310048,781.0165592852755,0.9992264637171256,put,0.425,0.023529411764705903
7,0.019178082191780823,761.0,-0.02596299442323383,0.13012325955933088,781.0165592852755,0.9992264637171256,put,0.46499999999999997,0.021505376344085923
7,0.019178082191780823,762.0,-0.024649796598273408,0.12821518928830827,781.0165592852755,0.9992264637171256,put,0.515,0.019417475728155355
7,0.019178082191780823,763.0,-0.02333832100046258,0.12568304385660448,781.0165592852755,0.9992264637171256,put,0.56,0.035714285714285546
7,0.019178082191780823,764.0,-0.022028563118399107,0.12341874395390835,781.0165592852755,0.9992264637171256,put,0.615,0.016260162601626032
7,0.019178082191780823,765.0,-0.02072051845838378,0.12158637122111988,781.0165592852755,0.9992264637171256,put,0.685,0.014598540145985252
7,0.019178082191780823,766.0,-0.01941418254432833,0.1195932592573334,781.0165592852755,0.9992264637171256,put,0.76,0.026315789473684233
7,0.019178082191780823,767.0,-0.01810955091766346,0.11764427796252086,781.0165592852755,0.9992264637171256,put,0.845,0.011834319526627229
7,0.019178082191780823,768.0,-0.016806619137247496,0.11588818995823352,781.0165592852755,0.9992264637171256,put,0.945,0.010582010582010592
7,0.019178082191780823,769.0,-0.015505382779275705,0.11386137425918512,781.0165592852755,0.9992264637171256,put,1.05,0.019047619047619063
7,0.019178082191780823,770.0,-0.014205837437190161,0.11245142314070623,781.0165592852755,0.9992264637171256,put,1.185,0.008438818565400852
7,0.019178082191780823,771.0,-0.012907978721590108,0.11049597094872997,781.0165592852755,0.9992264637171256,put,1.32,0.015151515151515164
7,0.019178082191780823,772.0,-0.011611802260143442,0.10881983471022108,781.0165592852755,0.9992264637171256,put,1.48,0.013513513513513526
7,0.019178082191780823,773.0,-0.010317303697497667,0.10732270109331539,781.0165592852755,0.9992264637171256,put,1.665,0.006006006006006011
7,0.019178082191780823,774.0,-0.00902447869519253,0.10592148995300488,781.0165592852755,0.9992264637171256,put,1.875,0.0053333333333332195
7,0.019178082191780823,775.0,-0.007733322931572665,0.10454754011554038,781.0165592852755,0.9992264637171256,put,2.1100000000000003,0.009478672985781998
7,0.019178082191780823,777.0,-0.005156001917272251,0.10240411175745884,781.0165592852755,0.9992264637171256,put,2.685,0.0037243947858472204
7,0.019178082191780823,778.0,-0.003869828106527993,0.10077262951009719,781.0165592852755,0.9992264637171256,put,2.995,0.0033388981636059386
7,0.019178082191780823,780.0,-0.0013024326012822055,0.09883720256695391,781.0165592852755,0.9992264637171256,put,3.7699999999999996,0.005305039787798413
7,0.019178082191780823,782.0,0.001258388260391534,0.09805562856949909,781.0165592852755,0.9992264637171256,call,3.775,0.007947019867549735
7,0.019178082191780823,783.0,0.002536343705883539,0.09720797107897389,781.0165592852755,0.9992264637171256,call,3.295,0.009104704097116919
7,0.019178082191780823,784.0,0.00381266806548827,0.0967549381106455,781.0165592852755,0.9992264637171256,call,2.87,0.0069686411149825845
7,0.019178082191780823,785.0,0.005087365497488839,0.09549050228145195,781.0165592852755,0.9992264637171256,call,2.45,0.008163265306122455
7,0.019178082191780823,786.0,0.006360440144286936,0.0954049906671677,781.0165592852755,0.9992264637171256,call,2.115,0.014184397163120473
7,0.019178082191780823,787.0,0.007631896132483603,0.09519406425821793,781.0165592852755,0.9992264637171256,call,1.81,0.011049723756906087
7,0.019178082191780823,788.0,0.008901737572959487,0.09430355304162924,781.0165592852755,0.9992264637171256,call,1.5150000000000001,0.006600660066006606
7,0.019178082191780823,789.0,0.010169968560954588,0.0943547115340176,781.0165592852755,0.9992264637171256,call,1.2850000000000001,0.007782101167315181
7,0.019178082191780823,790.0,0.011436593176147508,0.09429353818508303,781.0165592852755,0.9992264637171256,call,1.08,0.018518518518518535
7,0.019178082191780823,791.0,0.012701615482734189,0.09398710413343646,781.0165592852755,0.9992264637171256,call,0.895,0.011173184357541908
7,0.019178082191780823,792.0,0.013965039529506154,0.09365589167982084,781.0165592852755,0.9992264637171256,call,0.735,0.01360544217687076
7,0.019178082191780823,793.0,0.01522686934992827,0.0936272177487237,781.0165592852755,0.9992264637171256,call,0.605,0.016528925619834725
7,0.019178082191780823,794.0,0.01648710896221599,0.09362195335635894,781.0165592852755,0.9992264637171256,call,0.495,0.02020202020202022
7,0.019178082191780823,795.0,0.017745762369412155,0.09377873843319659,781.0165592852755,0.9992264637171256,call,0.405,0.024691358024691242
7,0.019178082191780823,796.0,0.019002833559463472,0.09430534116172375,781.0165592852755,0.9992264637171256,call,0.335,0.02985074626865674
7,0.019178082191780823,797.0,0.02025832650529548,0.09549463009112671,781.0165592852755,0.9992264637171256,call,0.28500000000000003,0.035087719298245446
7,0.019178082191780823,798.0,0.021512245164889192,0.09520197674558294,781.0165592852755,0.9992264637171256,call,0.225,0.04444444444444448
7,0.019178082191780823,799.0,0.022764593481355077,0.09581613463015676,781.0165592852755,0.9992264637171256,call,0.185,0.054054054054054106
7,0.019178082191780823,800.0,0.024015375383007694,0.09792352729972793,781.0165592852755,0.9992264637171256,call,0.165,0.060606060606060656
7,0.019178082191780823,801.0,0.025264594783439603,0.0984663112386518,781.0165592852755,0.9992264637171256,call,0.135,0.07407407407407414
7,0.019178082191780823,802.0,0.02651225558159486,0.0997179923138902,781.0165592852755,0.9992264637171256,call,0.11499999999999999,0.0869565217391304
7,0.019178082191780823,803.0,0.027758361661842024,0.10046507870419423,781.0165592852755,0.9992264637171256,call,0.095,0.10526315789473693
7,0.019178082191780823,804.0,0.029002916894046705,0.10246430100297409,781.0165592852755,0.9992264637171256,call,0.08499999999999999,0.11764705882352937
7,0.019178082191780823,805.0,0.03024592513364369,0.10420080483861931,781.0165592852755,0.9992264637171256,call,0.07500000000000001,0.13333333333333325
7,0.019178082191780823,806.0,0.0314873902217086,0.10562846597748934,781.0165592852755,0.9992264637171256,call,0.065,0.15384615384615397
7,0.019178082191780823,807.0,0.032727315985029086,0.1066802019424214,781.0165592852755,0.9992264637171256,call,0.055,0.18181818181818174
10,0.0273972602739726,640.0,-0.19966270600797206,0.44645278072791517,781.434147723516,0.998895131365252,put,0.055,0.18181818181818174
10,0.0273972602739726,645.0,-0.19188056556591712,0.430620792643944,781.434147723516,0.998895131365252,put,0.055,0.18181818181818174
10,0.0273972602739726,650.0,-0.18415851947200682,0.41486853244867616,781.434147723516,0.998895131365252,put,0.055,0.18181818181818174
10,0.0273972602739726,655.0,-0.1764956467264377,0.4062456922022287,781.434147723516,0.998895131365252,put,0.065,0.15384615384615397
10,0.0273972602739726,660.0,-0.16889104734121838,0.3904110765336003,781.434147723516,0.998895131365252,put,0.065,0.15384615384615397
10,0.0273972602739726,665.0,-0.1613438417058355,0.3805328707207412,781.434147723516,0.998895131365252,put,0.07500000000000001,0.13333333333333325
10,0.0273972602739726,670.0,-0.1538531699766779,0.3646268402644863,781.434147723516,0.998895131365252,put,0.07500000000000001,0.13333333333333325
10,0.0273972602739726,675.0,-0.1464181914891598,0.35375446128150684,781.434147723516,0.998895131365252,put,0.08499999999999999,0.11764705882352937
10,0.0273972602739726,680.0,-0.13903808419153724,0.3421799972120024,781.434147723516,0.998895131365252,put,0.095,0.10526315789473693
10,0.0273972602739726,685.0,-0.13171204409946433,0.3300118742469701,781.434147723516,0.998895131365252,put,0.10500000000000001,0.09523809523809518
10,0.0273972602739726,690.0,-0.12443928477038456,0.3138039639852319,781.434147723516,0.998895131365252,put,0.10500000000000001,0.09523809523809518
10,0.0273972602739726,695.0,-0.11721903679689749,0.30101272659562883,781.434147723516,0.998895131365252,put,0.11499999999999999,0.0869565217391304
10,0.0273972602739726,700.0,-0.11005054731828495,0.28776841992903146,781.434147723516,0.998895131365252,put,0.125,0.08000000000000007
10,0.0273972602739726,701.0,-0.10862299532709949,0.28733954016289254,781.434147723516,0.998895131365252,put,0.135,0.07407407407407414
10,0.0273972602739726,702.0,-0.10719747833587853,0.284032055682569,781.434147723516,0.998895131365252,put,0.135,0.07407407407407414
10,0.0273972602739726,703.0,-0.1057739905510247,0.2807252903076074,781.434147723516,0.998895131365252,put,0.135,0.07407407407407414
10,0.0273972602739726,704.0,-0.10435252620364728,0.2774192169607455,781.434147723516,0.998895131365252,put,0.135,0.07407407407407414
10,0.0273972602739726,705.0,-0.10293307954942098,0.2741137347433797,781.434147723516,0.998895131365252,put,0.135,0.07407407407407414
10,0.0273972602739726,706.0,-0.1015156448684475,0.27339676598249607,781.434147723516,0.998895131365252,put,0.14500000000000002,0.06896551724137917
10,0.0273972602739726,707.0,-0.1001002164651169,0.2700672016835021,781.434147723516,0.998895131365252,put,0.14500000000000002,0.06896551724137917
10,0.0273972602739726,708.0,-0.09868678866796984,0.2667379636876784,781.434147723516,0.998895131365252,put,0.14500000000000002,0.06896551724137917
10,0.0273972602739726,709.0,-0.09727535582956218,0.2634089670695846,781.434147723516,0.998895131365252,put,0.14500000000000002,0.06896551724137917
10,0.0273972602739726,710.0,-0.09586591232632852,0.26245510949700007,781.434147723516,0.998895131365252,put,0.155,0.06451612903225812
10,0.0273972602739726,711.0,-0.0944584525584487,0.2591024035485057,781.434147723516,0.998895131365252,put,0.155,0.06451612903225812
10,0.0273972602739726,712.0,-0.09305297094971389,0.25574967027845724,781.434147723516,0.998895131365252,put,0.155,0.06451612903225812
10,0.0273972602739726,713.0,-0.09164946194739367,0.2546028364430784,781.434147723516,0.998895131365252,put,0.165,0.060606060606060656
10,0.0273972602739726,714.0,-0.09024792002210529,0.25122676594547294,781.434147723516,0.998895131365252,put,0.165,0.060606060606060656
10,0.0273972602739726,715.0,-0.08884833966768198,0.24785032020728617,781.434147723516,0.998895131365252,put,0.165,0.060606060606060656
10,0.0273972602739726,716.0,-0.08745071540104396,0.2465265530223825,781.434147723516,0.998895131365252,put,0.175,0.05714285714285704
10,0.0273972602739726,717.0,-0.0860550417620693,0.24312694975215965,781.434147723516,0.998895131365252,put,0.175,0.05714285714285704
10,0.0273972602739726,718.0,-0.08466131331346542,0.23972661033499162,781.434147723516,0.998895131365252,put,0.175,0.05714285714285704
10,0.0273972602739726,719.0,-0.083269524640643,0.2382391902951083,781.434147723516,0.998895131365252,put,0.185,0.054054054054054106
10,0.0273972602739726,720.0,-0.08187967035158863,0.2366427553717042,781.434147723516,0.998895131365252,put,0.195,0.05128205128205133
10,0.0273972602739726,721.0,-0.0804917450767405,0.23319755074467785,781.434147723516,0.998895131365252,put,0.195,0.05128205128205133
10,0.0273972602739726,722.0,-0.07910574346886343,0.2297510292697108,781.434147723516,0.998895131365252,put,0.195,0.05128205128205133
10,0.0273972602739726,723.0,-0.07772166020292492,0.22801088820832655,781.434147723516,0.998895131365252,put,0.20500000000000002,0.04878048780487795
10,0.0273972602739726,724.0,-0.07633948997597331,0.2261773228771061,781.434147723516,0.998895131365252,put,0.215,0.046511627906976785
10,0.0273972602739726,725.0,-0.07495922750701485,0.2226866709246103,781.434147723516,0.998895131365252,put,0.215,0.046511627906976785
10,0.0273972602739726,726.0,-0.0735808675368935,0.2191940271771164,781.434147723516,0.998895131365252,put,0.215,0.046511627906976785
10,0.0273972602739726,727.0,-0.07220440482817028,0.21723117920123453,781.434147723516,0.998895131365252,put,0.225,0.04444444444444448
10,0.0273972602739726,728.0,-0.07082983416500363,0.21371520483334963,781.434147723516,0.998895131365252,put,0.225,0.04444444444444448
10,0.0273972602739726,729.0,-0.06945715035303153,0.2116496479068474,781.434147723516,0.998895131365252,put,0.235,0.042553191489361625
10,0.0273972602739726,730.0,-0.06808634821925282,0.20950697298136223,781.434147723516,0.998895131365252,put,0.245,0.04081632653061228
10,0.0273972602739726,731.0,-0.06671742261191108,0.20594645669795425,781.434147723516,0.998895131365252,put,0.245,0.04081632653061228
10,0.0273972602739726,732.0,-0.0653503684003781,0.203709802432027,781.434147723516,0.998895131365252,put,0.255,0.03921568627450984
10,0.0273972602739726,733.0,-0.06398518047503811,0.20140346811996113,781.434147723516,0.998895131365252,put,0.265,0.03773584905660381
10,0.0273972602739726,734.0,-0.06262185374717409,0.19903043148343671,781.434147723516,0.998895131365252,put,0.275,0.03636363636363639
10,0.0273972602739726,735.0,-0.06126038314885295,0.19659340603012546,781.434147723516,0.998895131365252,put,0.28500000000000003,0.035087719298245446
10,0.0273972602739726,736.0,-0.059900763632813346,0.19409474223177436,781.434147723516,0.998895131365252,put,0.295,0.0338983050847458
10,0.0273972602739726,737.0,-0.05854299017235305,0.1915366045220653,781.434147723516,0.998895131365252,put,0.305,0.03278688524590167
10,0.0273972602739726,738.0,-0.05718705776121711,0.18892087598041946,781.434147723516,0.998895131365252,put,0.315,0.03174603174603177
10,0.0273972602739726,739.0,-0.055832961413487904,0.18624928312526645,781.434147723516,0.998895131365252,put,0.325,0.030769230769230795
10,0.0273972602739726,740.0,-0.054480696163474195,0.18352329145077367,781.434147723516,0.998895131365252,put,0.335,0.02985074626865674
10,0.0273972602739726,741.0,-0.0531302570656027,0.18170026221986219,781.434147723516,0.998895131365252,put,0.355,0.028169014084507067
10,0.0273972602739726,742.0,-0.051781639194309205,0.17883978687048022,781.434147723516,0.998895131365252,put,0.365,0.02739726027397263
10,0.0273972602739726,743.0,-0.05043483764393045,0.17681419513463195,781.434147723516,0.998895131365252,put,0.385,0.025974025974025997
10,0.0273972602739726,744.0,-0.04908984752859781,0.17382870322850633,781.434147723516,0.998895131365252,put,0.395,0.025316455696202552
10,0.0273972602739726,745.0,-0.047746663982130115,0.1716171856456839,781.434147723516,0.998895131365252,put,0.415,0.024096385542168697
10,0.0273972602739726,746.0,-0.04640528215792874,0.17007787251677134,781.434147723516,0.998895131365252,put,0.445,0.02247191011235957
10,0.0273972602739726,747.0,-0.045065697228872346,0.167630452349209,781.434147723516,0.998895131365252,put,0.46499999999999997,0.021505376344085923
10,0.0273972602739726,748.0,-0.043727904387212364,0.1654447578229655,781.434147723516,0.998895131365252,put,0.49,0.04081632653061228
10,0.0273972602739726,749.0,-0.0423918988444702,0.1638159246120201,781.434147723516,0.998895131365252,put,0.525,0.019047619047619063
10,0.0273972602739726,750.0,-0.04105767583133351,0.16104698338812554,781.434147723516,0.998895131365252,put,0.545,0.018348623853211024
10,0.0273972602739726,751.0,-0.03972523059755484,0.15881796030771783,781.434147723516,0.998895131365252,put,0.575,0.017391304347826105
10,0.0273972602739726,752.0,-0.038394558411849834,0.15675596255758417,781.434147723516,0.998895131365252,put,0.61,0.03278688524590167
10,0.0273972602739726,753.0,-0.03706565456179603,0.15510758205563274,781.434147723516,0.998895131365252,put,0.655,0.015267175572519097
10,0.0273972602739726,754.0,-0.035738514353733604,0.15273172706069174,781.434147723516,0.998895131365252,put,0.69,0.02898550724637668
10,0.0273972602739726,755.0,-0.03441313311266493,0.15047953492167188,781.434147723516,0.998895131365252,put,0.73,0.02739726027397263
10,0.0273972602739726,756.0,-0.03308950618215659,0.14881041748985535,781.434147723516,0.998895131365252,put,0.785,0.012738853503184724
10,0.0273972602739726,757.0,-0.03176762892424088,0.14670067755758498,781.434147723516,0.998895131365252,put,0.835,0.011976047904191628
10,0.0273972602739726,758.0,-0.030447496719317953,0.1448580373919779,781.434147723516,0.998895131365252,put,0.895,0.011173184357541908
10,0.0273972602739726,759.0,-0.029129104966059752,0.14322857247857138,781.434147723516,0.998895131365252,put,0.965,0.010362694300518144
10,0.0273972602739726,760.0,-0.027812449081312873,0.14096592486396237,781.434147723516,0.998895131365252,put,1.025,0.009756097560975618
10,0.0273972602739726,761.0,-0.02649752450000375,0.1394722295670599,781.434147723516,0.998895131365252,put,1.11,0.018018018018018032
10,0.0273972602739726,762.0,-0.025184326675043382,0.13735385559522298,781.434147723516,0.998895131365252,put,1.185,0.008438818565400852
10,0.0273972602739726,763.0,-0.023872851077232606,0.13588578126688677,781.434147723516,0.998895131365252,put,1.2850000000000001,0.007782101167315181
10,0.0273972602739726,764.0,-0.02256309319516919,0.13429993291249306,781.434147723516,0.998895131365252,put,1.39,0.014388489208633108
10,0.0273972602739726,765.0,-0.0212550485351538,0.13274711408376474,781.434147723516,0.998895131365252,put,1.505,0.006644518272425255
10,0.0273972602739726,766.0,-0.01994871262109829,0.13134982611719168,781.434147723516,0.998895131365252,put,1.6349999999999998,0.0061162079510703425
10,0.0273972602739726,767.0,-0.01864408099443347,0.12977911165205055,781.434147723516,0.998895131365252,put,1.77,0.011299435028248598
10,0.0273972602739726,768.0,-0.017341149214017446,0.12803349646950166,781.434147723516,0.998895131365252,put,1.91,0.010471204188481685
10,0.0273972602739726,769.0,-0.016039912856045706,0.12637252011570987,781.434147723516,0.998895131365252,put,2.065,0.0048426150121064345
10,0.0273972602739726,770.0,-0.014740367513960103,0.1251395146320407,781.434147723516,0.998895131365252,put,2.25,0.0088888888888887
10,0.0273972602739726,771.0,-0.0134425087983601,0.12377648742015611,781.434147723516,0.998895131365252,put,2.4450000000000003,0.0040899795501023435
10,0.0273972602739726,772.0,-0.012146332336913488,0.12250629261881782,781.434147723516,0.998895131365252,put,2.66,0.0075187969924812095
10,0.0273972602739726,773.0,-0.010851833774267652,0.12118184125168291,781.434147723516,0.998895131365252,put,2.8899999999999997,0.006920415224913502
10,0.0273972602739726,774.0,-0.009559008771962453,0.12000247098673268,781.434147723516,0.998895131365252,put,3.145,0.009538950715421383
10,0.0273972602739726,775.0,-0.008267853008342641,0.11893128332419116,781.434147723516,0.998895131365252,put,3.425,0.0029197080291971478
10,0.0273972602739726,776.0,-0.0069783621784708415,0.11783327106513575,781.434147723516,0.998895131365252,put,3.725,0.008053691275167852
10,0.0273972602739726,777.0,-0.005690531994042219,0.11689137477060327,781.434147723516,0.998895131365252,put,4.055,0.007398273736128298
10,0.0273972602739726,778.0,-0.004404358183298013,0.11587653865226649,781.434147723516,0.998895131365252,put,4.404999999999999,0.006810442678774177
10,0.0273972602739726,779.0,-0.0031198364909413067,0.11506837327081958,781.434147723516,0.998895131365252,put,4.79,0.004175365344467552
10,0.0273972602739726,780.0,-0.0018369626780522165,0.11502808845820765,781.434147723516,0.998895131365252,put,5.24,0.0038167938931296893
10,0.0273972602739726,781.0,-0.0005557325220036278,0.11340067084400555,781.434147723516,0.998895131365252,put,5.635,0.005323868677905989
10,0.0273972602739726,782.0,0.0007238581836214206,0.1127440542680227,781.434147723516,0.998895131365252,call,5.535,0.0054200542005420505
10,0.0273972602739726,783.0,0.002001813629113375,0.11219170695895565,781.434147723516,0.998895131365252,call,5.04,0.003968253968253884
10,0.0273972602739726,784.0,0.003278137988718276,0.11060427578533284,781.434147723516,0.998895131365252,call,4.52,0.004424778761062049
10,0.0273972602739726,785.0,0.004552835420718794,0.11023118710863876,781.434147723516,0.998895131365252,call,4.09,0.004889975550122145
10,0.0273972602739726,786.0,0.00582591006751684,0.11001024192384239,781.434147723516,0.998895131365252,call,3.6950000000000003,0.00811907983761835
10,0.0273972602739726,787.0,0.007097366055713677,0.10943786814654517,781.434147723516,0.998895131365252,call,3.3099999999999996,0.006042296072507559
10,0.0273972602739726,788.0,0.00836720749618951,0.10913915686749537,781.434147723516,0.998895131365252,call,2.965,0.003372681281618965
10,0.0273972602739726,789.0,0.00963543848418456,0.10870841879052927,781.434147723516,0.998895131365252,call,2.6399999999999997,0.007575757575757584
10,0.0273972602739726,790.0,0.010902063099377649,0.10744884320101042,781.434147723516,0.998895131365252,call,2.3049999999999997,0.004338394793926348
10,0.0273972602739726,791.0,0.012167085405964279,0.10781904310866888,781.434147723516,0.998895131365252,call,2.065,0.0048426150121064345
10,0.0273972602739726,792.0,0.013430509452736194,0.10740096170834428,781.434147723516,0.998895131365252,call,1.815,0.005509641873278242
10,0.0273972602739726,793.0,0.014692339273158259,0.10704015367795551,781.434147723516,0.998895131365252,call,1.59,0.012578616352201269
10,0.0273972602739726,794.0,0.01595257888544615,0.1070684230060234,781.434147723516,0.998895131365252,call,1.4,0.0142857142857143
10,0.0273972602739726,795.0,0.01721123229264226,0.10698534674550383,781.434147723516,0.998895131365252,call,1.225,0.008163265306122455
10,0.0273972602739726,796.0,0.01846830348269331,0.10664116641821929,781.434147723516,0.998895131365252,call,1.06,0.018867924528301903
10,0.0273972602739726,797.0,0.019723796428525488,0.10637543703602192,781.434147723516,0.998895131365252,call,0.915,0.010928961748633888
10,0.0273972602739726,798.0,0.02097771508811915,0.10684248196846549,781.434147723516,0.998895131365252,call,0.805,0.012422360248447215
10,0.0273972602739726,799.0,0.022230063404584985,0.10638374588482494,781.434147723516,0.998895131365252,call,0.685,0.014598540145985252
10,0.0273972602739726,800.0,0.023480845306237765,0.10710644247277369,781.434147723516,0.998895131365252,call,0.605,0.016528925619834725
10,0.0273972602739726,801.0,0.024730064706669625,0.10687850568180214,781.434147723516,0.998895131365252,call,0.515,0.019417475728155355
10,0.0273972602739726,802.0,0.02597772550482483,0.10713706971616493,781.434147723516,0.998895131365252,call,0.445,0.02247191011235957
10,0.0273972602739726,803.0,0.027223831585071946,0.10809870116716734,781.434147723516,0.998895131365252,call,0.395,0.025316455696202552
10,0.0273972602739726,804.0,0.028468386817276793,0.10801281143553373,781.434147723516,0.998895131365252,call,0.335,0.02985074626865674
10,0.0273972602739726,805.0,0.02971139505687373,0.10957074509162854,781.434147723516,0.998895131365252,call,0.305,0.03278688524590167
10,0.0273972602739726,806.0,0.030952860144938584,0.10926712586153979,781.434147723516,0.998895131365252,call,0.255,0.03921568627450984
10,0.0273972602739726,807.0,0.03219278590825924,0.11104876352462478,781.434147723516,0.998895131365252,call,0.235,0.042553191489361625
10,0.0273972602739726,808.0,0.03343117615940576,0.11068462264838305,781.434147723516,0.998895131365252,call,0.195,0.05128205128205133
10,0.0273972602739726,809.0,0.034668034696802005,0.11190497172995631,781.434147723516,0.998895131365252,call,0.175,0.05714285714285704
10,0.0273972602739726,810.0,0.03590336530479492,0.11286049601503267,781.434147723516,0.998895131365252,call,0.155,0.06451612903225812
10,0.0273972602739726,815.0,0.04205723087917307,0.11953000288897965,781.434147723516,0.998895131365252,call,0.095,0.10526315789473693
10,0.0273972602739726,820.0,0.04817345789660926,0.12749833213077497,781.434147723516,0.998895131365252,call,0.065,0.15384615384615397
10,0.0273972602739726,825.0,0.05425250397299134,0.13840456477468913,781.434147723516,0.998895131365252,call,0.055,0.18181818181818174
31,0.08493150684931507,585.0,-0.2920743788252784,0.4082350221311448,783.4335340179252,0.9965788791140392,put,0.185,0.054054054054054106
31,0.08493150684931507,590.0,-0.28356368915736974,0.39877278028325597,783.4335340179252,0.9965788791140392,put,0.19,0.10526315789473693
31,0.08493150684931507,595.0,-0.2751248205115051,0.392793739258503,783.4335340179252,0.9965788791140392,put,0.21000000000000002,0.09523809523809518
31,0.08493150684931507,600.0,-0.26675657084098847,0.3842593149443577,783.4335340179252,0.9965788791140392,put,0.22,0.090909090909091
31,0.08493150684931507,605.0,-0.2584577680262935,0.3766331838189366,783.4335340179252,0.9965788791140392,put,0.235,0.042553191489361625
31,0.08493150684931507,610.0,-0.250227268889778,0.36879730262568616,783.4335340179252,0.9965788791140392,put,0.25,0.08000000000000007
31,0.08493150684931507,615.0,-0.24206395825061702,0.3616469074748527,783.4335340179252,0.9965788791140392,put,0.27,0.07407407407407414
31,0.08493150684931507,620.0,-0.23396674801799763,0.3525793480902888,783.4335340179252,0.9965788791140392,put,0.28,0.07142857142857129
31,0.08493150684931507,625.0,-0.22593457632073335,0.3457688170992114,783.4335340179252,0.9965788791140392,put,0.305,0.03278688524590167
31,0.08493150684931507,630.0,-0.2179664066715566,0.33719096091586576,783.4335340179252,0.9965788791140392,put,0.32,0.06250000000000006
31,0.08493150684931507,635.0,-0.21006122716444328,0.3291636612326177,783.4335340179252,0.9965788791140392,put,0.33999999999999997,0.0588235294117646
31,0.08493150684931507,640.0,-0.20221804970341736,0.3215684793713854,783.4335340179252,0.9965788791140392,put,0.365,0.08219178082191789
31,0.08493150684931507,645.0,-0.1944359092613624,0.31371364780538546,783.4335340179252,0.9965788791140392,put,0.39,0.05128205128205133
31,0.08493150684931507,650.0,-0.18671386316745206,0.30670186007991446,783.4335340179252,0.9965788791140392,put,0.425,0.023529411764705903
31,0.08493150684931507,655.0,-0.1790509904218829,0.29832861716534015,783.4335340179252,0.9965788791140392,put,0.45,0.04444444444444448
31,0.08493150684931507,660.0,-0.17144639103666373,0.2902315637111309,783.4335340179252,0.9965788791140392,put,0.48,0.041666666666666706
31,0.08493150684931507,665.0,-0.1638991854012808,0.2827631571199821,783.4335340179252,0.9965788791140392,put,0.52,0.03846153846153849
31,0.08493150684931507,670.0,-0.15640851367212316,0.2745533589023804,783.4335340179252,0.9965788791140392,put,0.555,0.018018018018018032
31,0.08493150684931507,675.0,-0.14897353518460504,0.26683471678038523,783.4335340179252,0.9965788791140392,put,0.6,0.03333333333333337
31,0.08493150684931507,680.0,-0.14159342788698248,0.25877550026556556,783.4335340179252,0.9965788791140392,put,0.645,0.015503875968992262
31,0.08493150684931507,685.0,-0.13426738779490968,0.25135549486506037,783.4335340179252,0.9965788791140392,put,0.705,0.04255319148936174
31,0.08493150684931507,690.0,-0.12699462846582987,0.2435038161315035,783.4335340179252,0.9965788791140392,put,0.765,0.03921568627450984
31,0.08493150684931507,695.0,-0.11977438049234278,0.2360591598926336,783.4335340179252,0.9965788791140392,put,0.84,0.023809523809523832
31,0.08493150684931507,700.0,-0.11260589101373022,0.22909596993120165,783.4335340179252,0.9965788791140392,put,0.935,0.010695187165775291
31,0.08493150684931507,705.0,-0.10548842324486622,0.22130671339338842,783.4335340179252,0.9965788791140392,put,1.025,0.02926829268292686
31,0.08493150684931507,710.0,-0.09842125602177375,0.21401392776272285,783.4335340179252,0.9965788791140392,put,1.14,0.017543859649122823
31,0.08493150684931507,715.0,-0.09140368336312729,0.2071713815105313,783.4335340179252,0.9965788791140392,put,1.2850000000000001,0.007782101167315181
31,0.08493150684931507,716.0,-0.09000605909648927,0.20538764832368062,783.4335340179252,0.9965788791140392,put,1.3050000000000002,0.022988505747126454
31,0.08493150684931507,717.0,-0.08861038545751448,0.20428195013490463,783.4335340179252,0.9965788791140392,put,1.3450000000000002,0.022304832713754663
31,0.08493150684931507,718.0,-0.08721665700891072,0.202620087101084,783.4335340179252,0.9965788791140392,put,1.37,0.014598540145985252
31,0.08493150684931507,719.0,-0.08582486833608817,0.20126869467246658,783.4335340179252,0.9965788791140392,put,1.4049999999999998,0.021352313167259808
31,0.08493150684931507,720.0,-0.08443501404703393,0.1997171539072245,783.4335340179252,0.9965788791140392,put,1.435,0.020905923344947754
31,0.08493150684931507,721.0,-0.08304708877218579,0.19829720443518953,783.4335340179252,0.9965788791140392,put,1.47,0.01360544217687076
31,0.08493150684931507,722.0,-0.08166108716430871,0.1969996375631757,783.4335340179252,0.9965788791140392,put,1.51,0.013245033112582794
31,0.08493150684931507,723.0,-0.0802770038983702,0.1956616341136243,783.4335340179252,0.9965788791140392,put,1.55,0.012903225806451623
31,0.08493150684931507,724.0,-0.07889483367141858,0.19428418472776246,783.4335340179252,0.9965788791140392,put,1.59,0.012578616352201269
31,0.08493150684931507,725.0,-0.07751457120246012,0.19316294352330307,783.4335340179252,0.9965788791140392,put,1.64,0.012195121951219523
31,0.08493150684931507,726.0,-0.07613621123233877,0.19155921290281092,783.4335340179252,0.9965788791140392,put,1.6749999999999998,0.005970149253731349
31,0.08493150684931507,727.0,-0.07475974852361555,0.19020740307447156,783.4335340179252,0.9965788791140392,put,1.72,0.011627906976744196
31,0.08493150684931507,728.0,-0.0733851778604489,0.18881379273403145,783.4335340179252,0.9965788791140392,put,1.7650000000000001,0.016997167138810214
31,0.08493150684931507,729.0,-0.07201249404847679,0.18751489923892173,783.4335340179252,0.9965788791140392,put,1.815,0.016528925619834725
31,0.08493150684931507,730.0,-0.07064169191469807,0.18617052620415714,783.4335340179252,0.9965788791140392,put,1.865,0.016085790884718395
31,0.08493150684931507,731.0,-0.06927276630735645,0.1847818582337721,783.4335340179252,0.9965788791140392,put,1.915,0.015665796344647532
31,0.08493150684931507,732.0,-0.06790571209582334,0.18347701223012783,783.4335340179252,0.9965788791140392,put,1.97,0.0101522842639594
31,0.08493150684931507,733.0,-0.06654052417048335,0.18237307467796973,783.4335340179252,0.9965788791140392,put,2.035,0.014742014742014645
31,0.08493150684931507,734.0,-0.06517719744261934,0.1808473937575307,783.4335340179252,0.9965788791140392,put,2.085,0.014388489208633212
31,0.08493150684931507,735.0,-0.06381572684429819,0.17975765322736031,783.4335340179252,0.9965788791140392,put,2.1550000000000002,0.004640371229698482
31,0.08493150684931507,736.0,-0.06245610732825869,0.17825922426468033,783.4335340179252,0.9965788791140392,put,2.21,0.009049773755656116
31,0.08493150684931507,737.0,-0.061098333867798275,0.17717347880257747,783.4335340179252,0.9965788791140392,put,2.285,0.013129102844638864
31,0.08493150684931507,738.0,-0.05974240145666245,0.17569178631350285,783.4335340179252,0.9965788791140392,put,2.3449999999999998,0.012793176972281368
31,0.08493150684931507,739.0,-0.05838830510893312,0.17427337974672877,783.4335340179252,0.9965788791140392,put,2.41,0.016597510373443997
31,0.08493150684931507,740.0,-0.057036039858919405,0.17291236103164673,783.4335340179252,0.9965788791140392,put,2.4800000000000004,0.008064516129032263
31,0.08493150684931507,741.0,-0.05568560076104802,0.17181247448797557,783.4335340179252,0.9965788791140392,put,2.565,0.011695906432748635
31,0.08493150684931507,742.0,-0.05433698288975441,0.1705450624882062,783.4335340179252,0.9965788791140392,put,2.645,0.01134215500945189
31,0.08493150684931507,743.0,-0.05299018133937576,0.1692185538382505,783.4335340179252,0.9965788791140392,put,2.725,0.011009174311926696
31,0.08493150684931507,744.0,-0.051645191224043006,0.16793235069220053,783.4335340179252,0.9965788791140392,put,2.8099999999999996,0.007117437722419936
31,0.08493150684931507,745.0,-0.05030200767757542,0.16687328603901258,783.4335340179252,0.9965788791140392,put,2.91,0.013745704467353964
31,0.08493150684931507,746.0,-0.04896062585337404,0.16574277144499763,783.4335340179252,0.9965788791140392,put,3.01,0.013289036544850363
31,0.08493150684931507,747.0,-0.04762104092431765,0.1644505501528782,783.4335340179252,0.9965788791140392,put,3.105,0.016103059581320394
31,0.08493150684931507,748.0,-0.04628324808265766,0.16300369314609098,783.4335340179252,0.9965788791140392,put,3.1950000000000003,0.015649452269170663
31,0.08493150684931507,749.0,-0.044947242539915375,0.16202701590166763,783.4335340179252,0.9965788791140392,put,3.315,0.009049773755656184
31,0.08493150684931507,750.0,-0.04361301952677879,0.16088407342807276,783.4335340179252,0.9965788791140392,put,3.4299999999999997,0.0058309037900874695
31,0.08493150684931507,751.0,-0.042280574293000125,0.15966663305705217,783.4335340179252,0.9965788791140392,put,3.545,0.00846262341325818
31,0.08493150684931507,752.0,-0.04094990210729511,0.15837610148030246,783.4335340179252,0.9965788791140392,put,3.66,0.010928961748633888
31,0.08493150684931507,753.0,-0.0396209982572413,0.15693278683184925,783.4335340179252,0.9965788791140392,put,3.77,0.01591511936339512
31,0.08493150684931507,754.0,-0.038293858049178876,0.15590062567201649,783.4335340179252,0.9965788791140392,put,3.91,0.015345268542199501
31,0.08493150684931507,755.0,-0.03696847680811019,0.15501757509534336,783.4335340179252,0.9965788791140392,put,4.0649999999999995,0.00738007380073807
31,0.08493150684931507,756.0,-0.035644849877601845,0.15365956214545629,783.4335340179252,0.9965788791140392,put,4.195,0.011918951132300314
31,0.08493150684931507,757.0,-0.034322972619686136,0.15245137146477705,783.4335340179252,0.9965788791140392,put,4.34,0.013824884792626843
31,0.08493150684931507,758.0,-0.0330028404147632,0.1513813317624353,783.4335340179252,0.9965788791140392,put,4.5,0.0088888888888887
31,0.08493150684931507,759.0,-0.031684448661505,0.15014855589202808,783.4335340179252,0.9965788791140392,put,4.654999999999999,0.010741138560687397
31,0.08493150684931507,760.0,-0.030367792776758114,0.1491139055271203,783.4335340179252,0.9965788791140392,put,4.83,0.012422360248447308
31,0.08493150684931507,761.0,-0.029052868195449104,0.14819380900676168,783.4335340179252,0.9965788791140392,put,5.02,0.00796812749003985
31,0.08493150684931507,762.0,-0.027739670370488616,0.14689895403920797,783.4335340179252,0.9965788791140392,put,5.1899999999999995,0.007707129094412339
31,0.08493150684931507,763.0,-0.026428194772677948,0.14591813246409882,783.4335340179252,0.9965788791140392,put,5.390000000000001,0.01113172541743963
31,0.08493150684931507,764.0,-0.025118436890614413,0.14483482514805157,783.4335340179252,0.9965788791140392,put,5.59,0.0107334525939178
31,0.08493150684931507,765.0,-0.02381039223059902,0.14371577549278597,783.4335340179252,0.9965788791140392,put,5.795,0.008628127696290028
31,0.08493150684931507,766.0,-0.02250405631654362,0.14281553294545904,783.4335340179252,0.9965788791140392,put,6.025,0.008298755186721962
31,0.08493150684931507,767.0,-0.021199424689878683,0.14174076030199298,783.4335340179252,0.9965788791140392,put,6.25,0.009600000000000079
31,0.08493150684931507,768.0,-0.019896492909462767,0.1408069311749241,783.4335340179252,0.9965788791140392,put,6.495,0.010777521170130913
31,0.08493150684931507,769.0,-0.01859525655149091,0.13982054032800756,783.4335340179252,0.9965788791140392,put,6.745,0.010378057820607899
31,0.08493150684931507,770.0,-0.017295711209405415,0.13865845900776338,783.4335340179252,0.9965788791140392,put,6.99,0.011444921316165962
31,0.08493150684931507,771.0,-0.01599785249380541,0.1378627904506987,783.4335340179252,0.9965788791140392,put,7.275,0.012371134020618537
31,0.08493150684931507,772.0,-0.014701676032358679,0.13694230381160136,783.4335340179252,0.9965788791140392,put,7.56,0.010582010582010592
31,0.08493150684931507,773.0,-0.013407177469712952,0.13572209381493164,783.4335340179252,0.9965788791140392,put,7.83,0.010217113665389537
31,0.08493150684931507,774.0,-0.01211435246740775,0.13519294414426122,783.4335340179252,0.9965788791140392,put,8.170000000000002,0.009791921664626689
31,0.08493150684931507,775.0,-0.010823196703787933,0.13441293741918275,783.4335340179252,0.9965788791140392,put,8.5,0.007058823529411614
31,0.08493150684931507,776.0,-0.009533705873916129,0.13338497490404197,783.4335340179252,0.9965788791140392,put,8.82,0.009070294784580506
31,0.08493150684931507,777.0,-0.008245875689487502,0.132620068007324,783.4335340179252,0.9965788791140392,put,9.175,0.007629427792915562
31,0.08493150684931507,778.0,-0.006959701878743291,0.1316033534316265,783.4335340179252,0.9965788791140392,put,9.52,0.010504201680672232
31,0.08493150684931507,779.0,-0.005675180186386581,0.13100602364481884,783.4335340179252,0.9965788791140392,put,9.915,0.009077155824508486
31,0.08493150684931507,780.0,-0.004392306373497487,0.13031876608143764,783.4335340179252,0.9965788791140392,put,10.315,0.008725157537566638
31,0.08493150684931507,781.0,-0.003111076217448894,0.12920638393012812,783.4335340179252,0.9965788791140392,put,10.690000000000001,0.00935453695042092
31,0.08493150684931507,782.0,-0.0018314855118238417,0.12883153926840207,783.4335340179252,0.9965788791140392,put,11.145,0.009869896814715068
31,0.08493150684931507,783.0,-0.0005535300663317723,0.1280258857257291,783.4335340179252,0.9965788791140392,put,11.575,0.009503239740820839
31,0.08493150684931507,784.0,0.0007227942932729116,0.12698236001884566,783.4335340179252,0.9965788791140392,call,11.25,0.00711111111111096
31,0.08493150684931507,785.0,0.001997491725273544,0.1266112031323911,783.4335340179252,0.9965788791140392,call,10.739999999999998,0.007448789571694607
31,0.08493150684931507,786.0,0.0032705663720717054,0.1260327246278833,783.4335340179252,0.9965788791140392,call,10.225,0.0068459657701711776
31,0.08493150684931507,787.0,0.0045420223602684355,0.12535512357616285,783.4335340179252,0.9965788791140392,call,9.715,0.009264024704065864
31,0.08493150684931507,788.0,0.0058118638007441615,0.12474267256293205,783.4335340179252,0.9965788791140392,call,9.225,0.007588075880758839
31,0.08493150684931507,789.0,0.007080094788739326,0.12425096144072377,783.4335340179252,0.9965788791140392,call,8.760000000000002,0.009132420091324207
31,0.08493150684931507,790.0,0.00834671940393231,0.12320524542096524,783.4335340179252,0.9965788791140392,call,8.26,0.007263922518159651
31,0.08493150684931507,791.0,0.009611741710519053,0.12301191938814812,783.4335340179252,0.9965788791140392,call,7.85,0.007643312101910779
31,0.08493150684931507,792.0,0.010875165757290863,0.12237370888435099,783.4335340179252,0.9965788791140392,call,7.415,0.009440323668240092
31,0.08493150684931507,793.0,0.01213699557771304,0.12179916322971009,783.4335340179252,0.9965788791140392,call,7.0,0.008571428571428643
31,0.08493150684931507,794.0,0.013397235190000826,0.12158434763165023,783.4335340179252,0.9965788791140392,call,6.63,0.009049773755656184
31,0.08493150684931507,795.0,0.014655888597197051,0.12108896014875652,783.4335340179252,0.9965788791140392,call,6.25,0.009600000000000079
31,0.08493150684931507,796.0,0.015912959787248212,0.12036208049623426,783.4335340179252,0.9965788791140392,call,5.865,0.008525149190110796
31,0.08493150684931507,797.0,0.017168452733080066,0.12025524665359781,783.4335340179252,0.9965788791140392,call,5.545,0.00901713255184864
31,0.08493150684931507,798.0,0.01842237139267384,0.11948579612887295,783.4335340179252,0.9965788791140392,call,5.1850000000000005,0.009643201542912212
31,0.08493150684931507,799.0,0.01967471970913979,0.11929703918429485,783.4335340179252,0.9965788791140392,call,4.885,0.010235414534288603
31,0.08493150684931507,800.0,0.020925501610792468,0.11894263915186865,783.4335340179252,0.9965788791140392,call,4.585,0.010905125408942357
31,0.08493150684931507,801.0,0.02217472101122422,0.11874890348666545,783.4335340179252,0.9965788791140392,call,4.3100000000000005,0.013921113689095035
31,0.08493150684931507,802.0,0.02342238180937954,0.1183192263868767,783.4335340179252,0.9965788791140392,call,4.029999999999999,0.009925558312655097
31,0.08493150684931507,803.0,0.024668487889626767,0.11813123057939427,783.4335340179252,0.9965788791140392,call,3.7800000000000002,0.015873015873015886
31,0.08493150684931507,804.0,0.02591304312183151,0.11799126398521383,783.4335340179252,0.9965788791140392,call,3.545,0.014104372355430134
31,0.08493150684931507,805.0,0.02715605136142856,0.11768472495029265,783.4335340179252,0.9965788791140392,call,3.31,0.012084592145015116
31,0.08493150684931507,806.0,0.028397516449493312,0.11735410201280194,783.4335340179252,0.9965788791140392,call,3.085,0.016207455429497513
31,0.08493150684931507,807.0,0.029637442212813864,0.1173179952691426,783.4335340179252,0.9965788791140392,call,2.8899999999999997,0.020761245674740504
31,0.08493150684931507,808.0,0.030875832463960494,0.11687521067784029,783.4335340179252,0.9965788791140392,call,2.68,0.01492537313432837
31,0.08493150684931507,809.0,0.03211269100135685,0.11700360728681033,783.4335340179252,0.9965788791140392,call,2.515,0.019880715705765335
31,0.08493150684931507,810.0,0.03334802160934966,0.11663155733481775,783.4335340179252,0.9965788791140392,call,2.33,0.01716738197424894
31,0.08493150684931507,811.0,0.03458182805827796,0.11652672976836993,783.4335340179252,0.9965788791140392,call,2.17,0.01843317972350232
31,0.08493150684931507,812.0,0.035814114104543035,0.11653762119250968,783.4335340179252,0.9965788791140392,call,2.025,0.02469135802469127
31,0.08493150684931507,813.0,0.03704488349067572,0.116390038253849,783.4335340179252,0.9965788791140392,call,1.88,0.021276595744680753
31,0.08493150684931507,814.0,0.038274139945405475,0.11617301062187967,783.4335340179252,0.9965788791140392,call,1.74,0.022988505747126457
31,0.08493150684931507,815.0,0.03950188718372772,0.11631143083636668,783.4335340179252,0.9965788791140392,call,1.625,0.018461538461538342
31,0.08493150684931507,820.0,0.04561811420116383,0.11624910039981332,783.4335340179252,0.9965788791140392,call,1.115,0.02690582959641238
31,0.08493150684931507,825.0,0.051697160277546034,0.11694814282367612,783.4335340179252,0.9965788791140392,call,0.77,0.025974025974025997
31,0.08493150684931507,830.0,0.057739474733508676,0.11835861580521631,783.4335340179252,0.9965788791140392,call,0.54,0.03703703703703707
31,0.08493150684931507,835.0,0.06374549879372057,0.1205635485112668,783.4335340179252,0.9965788791140392,call,0.39,0.05128205128205133
31,0.08493150684931507,840.0,0.06971566578022441,0.1219342750461447,783.4335340179252,0.9965788791140392,call,0.27,0.07407407407407414
31,0.08493150684931507,845.0,0.07565040130003897,0.12556838711087367,783.4335340179252,0.9965788791140392,call,0.21000000000000002,0.09523809523809518
31,0.08493150684931507,850.0,0.08155012342722728,0.12921776329880735,783.4335340179252,0.9965788791140392,call,0.16499999999999998,0.18181818181818182
31,0.08493150684931507,855.0,0.08741524287962538,0.1327505366649801,783.4335340179252,0.9965788791140392,call,0.13,0.15384615384615397
31,0.08493150684931507,860.0,0.09324616319041859,0.13655648919305938,783.4335340179252,0.9965788791140392,call,0.10500000000000001,0.09523809523809518
31,0.08493150684931507,865.0,0.09904328087474452,0.1392304747472299,783.4335340179252,0.9965788791140392,call,0.08,0.24999999999999986
31,0.08493150684931507,870.0,0.10480698559149441,0.14405697240906012,783.4335340179252,0.9965788791140392,call,0.07,0.28571428571428575
31,0.08493150684931507,875.0,0.11053766030047946,0.14696921821030998,783.4335340179252,0.9965788791140392,call,0.055,0.18181818181818174
55,0.1506849315068493,582.0,-0.29981581548646513,0.3548837643518029,785.4731406969319,0.9939383096416414,put,0.485,0.020618556701030948
55,0.1506849315068493,584.0,-0.2963852803896759,0.352309731455842,785.4731406969319,0.9939383096416414,put,0.495,0.02020202020202022
55,0.1506849315068493,585.0,-0.29467441598604643,0.35150923135208817,785.4731406969319,0.9939383096416414,put,0.505,0.01980198019801982
55,0.1506849315068493,586.0,-0.29296647364089035,0.34971506629246896,785.4731406969319,0.9939383096416414,put,0.505,0.01980198019801982
55,0.1506849315068493,587.0,-0.2912614433898065,0.34889412924135627,785.4731406969319,0.9939383096416414,put,0.515,0.019417475728155355
55,0.1506849315068493,588.0,-0.28955931531927587,0.3471005075119336,785.4731406969319,0.9939383096416414,put,0.515,0.019417475728155355
55,0.1506849315068493,589.0,-0.2878600795663161,0.3462598262057466,785.4731406969319,0.9939383096416414,put,0.525,0.019047619047619063
55,0.1506849315068493,590.0,-0.2861637263181377,0.3444667459763843,785.4731406969319,0.9939383096416414,put,0.525,0.019047619047619063
55,0.1506849315068493,591.0,-0.2844702458118046,0.3436069676358315,785.4731406969319,0.9939383096416414,put,0.535,0.018691588785046745
55,0.1506849315068493,592.0,-0.28277962833389714,0.3427303275479374,785.4731406969319,0.9939383096416414,put,0.545,0.018348623853211024
55,0.1506849315068493,593.0,-0.28109186422017735,0.340936199459599,785.4731406969319,0.9939383096416414,put,0.545,0.018348623853211024
55,0.1506849315068493,595.0,-0.27772485767227306,0.3391312076573698,785.4731406969319,0.9939383096416414,put,0.565,0.017699115044247607
55,0.1506849315068493,596.0,-0.27604559615255303,0.3373360900516665,785.4731406969319,0.9939383096416414,put,0.565,0.017699115044247607
55,0.1506849315068493,598.0,-0.2726955092672711,0.33461430820168625,785.4731406969319,0.9939383096416414,put,0.575,0.017391304347826105
55,0.1506849315068493,599.0,-0.2710246651024535,0.33367058634930175,785.4731406969319,0.9939383096416414,put,0.585,0.01709401709401711
55,0.1506849315068493,600.0,-0.2693566080017564,0.33271242013063956,785.4731406969319,0.9939383096416414,put,0.595,0.016806722689075647
55,0.1506849315068493,601.0,-0.26769132868269524,0.3309170980892128,785.4731406969319,0.9939383096416414,put,0.595,0.016806722689075647
55,0.1506849315068493,602.0,-0.2660288179090818,0.32994342767488616,785.4731406969319,0.9939383096416414,put,0.605,0.016528925619834725
55,0.1506849315068493,603.0,-0.2643690664907174,0.3289561139491319,785.4731406969319,0.9939383096416414,put,0.615,0.016260162601626032
55,0.1506849315068493,604.0,-0.2627120652830879,0.32795551018639474,785.4731406969319,0.9939383096416414,put,0.625,0.016000000000000014
55,0.1506849315068493,605.0,-0.26105780518706134,0.3261580009731306,785.4731406969319,0.9939383096416414,put,0.625,0.016000000000000014
55,0.1506849315068493,606.0,-0.2594062771485884,0.32514307813617455,785.4731406969319,0.9939383096416414,put,0.635,0.015748031496063006
55,0.1506849315068493,607.0,-0.25775747215840455,0.3241155664829652,785.4731406969319,0.9939383096416414,put,0.645,0.015503875968992262
55,0.1506849315068493,608.0,-0.2561113812517358,0.3230757777053129,785.4731406969319,0.9939383096416414,put,0.655,0.015267175572519097
55,0.1506849315068493,609.0,-0.2544679955080058,0.32127629248954653,785.4731406969319,0.9939383096416414,put,0.655,0.015267175572519097
55,0.1506849315068493,610.0,-0.2528273060505459,0.32022321131794923,785.4731406969319,0.9939383096416414,put,0.665,0.015037593984962419
55,0.1506849315068493,611.0,-0.2511893040463075,0.3191584800766685,785.4731406969319,0.9939383096416414,put,0.675,0.014814814814814828
55,0.1506849315068493,612.0,-0.24955398070557674,0.3180823611665188,785.4731406969319,0.9939383096416414,put,0.685,0.014598540145985252
55,0.1506849315068493,614.0,-0.24629133507076037,0.31519239043507696,785.4731406969319,0.9939383096416414,put,0.695,0.014388489208633108
55,0.1506849315068493,615.0,-0.24466399541138498,0.3140929354069378,785.4731406969319,0.9939383096416414,put,0.705,0.014184397163120581
55,0.1506849315068493,616.0,-0.24303929968438306,0.312982868460129,785.4731406969319,0.9939383096416414,put,0.715,0.013986013986014
55,0.1506849315068493,617.0,-0.24141723931251502,0.3118624225654934,785.4731406969319,0.9939383096416414,put,0.725,0.013793103448275874
55,0.1506849315068493,618.0,-0.23979780576021206,0.3107318217812645,785.4731406969319,0.9939383096416414,put,0.735,0.01360544217687076
55,0.1506849315068493,619.0,-0.23818099053330674,0.30892609877694965,785.4731406969319,0.9939383096416414,put,0.735,0.01360544217687076
55,0.1506849315068493,620.0,-0.23656678517876562,0.30778438374928074,785.4731406969319,0.9939383096416414,put,0.745,0.01342281879194632
55,0.1506849315068493,621.0,-0.23495518128442408,0.30663293122727375,785.4731406969319,0.9939383096416414,put,0.755,0.013245033112582794
55,0.1506849315068493,622.0,-0.2333461704787234,0.3054719543667262,785.4731406969319,0.9939383096416414,put,0.765,0.013071895424836612
55,0.1506849315068493,623.0,-0.2317397444304497,0.3043016432492032,785.4731406969319,0.9939383096416414,put,0.775,0.012903225806451623
55,0.1506849315068493,624.0,-0.2301358948484752,0.3031221723400882,785.4731406969319,0.9939383096416414,put,0.785,0.012738853503184724
55,0.1506849315068493,625.0,-0.22853461348150134,0.3019337180454904,785.4731406969319,0.9939383096416414,put,0.795,0.012578616352201269
55,0.1506849315068493,626.0,-0.22693589211780432,0.30073645902163615,785.4731406969319,0.9939383096416414,put,0.805,0.012422360248447215
55,0.1506849315068493,627.0,-0.22533972258498217,0.2995305600948394,785.4731406969319,0.9939383096416414,put,0.815,0.012269938650306624
55,0.1506849315068493,628.0,-0.22374609674970417,0.29831617761036,785.4731406969319,0.9939383096416414,put,0.825,0.012121212121212133
55,0.1506849315068493,630.0,-0.2205664438323245,0.2958625423213324,785.4731406969319,0.9939383096416414,put,0.845,0.011834319526627229
55,0.1506849315068493,631.0,-0.2189804006766897,0.2943354297941679,785.4731406969319,0.9939383096416414,put,0.85,0.023529411764705903
55,0.1506849315068493,632.0,-0.21739686907104544,0.29337669682887185,785.4731406969319,0.9939383096416414,put,0.865,0.011560693641618507
55,0.1506849315068493,633.0,-0.21581584107372667,0.2921220474657957,785.4731406969319,0.9939383096416414,put,0.875,0.011428571428571439
55,0.1506849315068493,634.0,-0.21423730878067693,0.29085975447928775,785.4731406969319,0.9939383096416414,put,0.885,0.011299435028248598
55,0.1506849315068493,635.0,-0.2126612643252112,0.2895899409302646,785.4731406969319,0.9939383096416414,put,0.895,0.011173184357541908
55,0.1506849315068493,636.0,-0.21108769987778073,0.2883127273741244,785.4731406969319,0.9939383096416414,put,0.905,0.011049723756906087
55,0.1506849315068493,637.0,-0.2095166076457395,0.28702822557376634,785.4731406969319,0.9939383096416414,put,0.915,0.010928961748633888
55,0.1506849315068493,638.0,-0.20794797987311298,0.28573654757363237,785.4731406969319,0.9939383096416414,put,0.925,0.01081081081081082
55,0.1506849315068493,639.0,-0.20638180884036805,0.2849604379741941,785.4731406969319,0.9939383096416414,put,0.945,0.010582010582010592
55,0.1506849315068493,640.0,-0.20481808686418532,0.2836488802663981,785.4731406969319,0.9939383096416414,put,0.955,0.010471204188481685
55,0.1506849315068493,641.0,-0.20325680629723283,0.2823305440922403,785.4731406969319,0.9939383096416414,put,0.965,0.010362694300518144
55,0.1506849315068493,642.0,-0.2016979595279417,0.28150780769811284,785.4731406969319,0.9939383096416414,put,0.985,0.0101522842639594
55,0.1506849315068493,643.0,-0.20014153898028347,0.2796738712486454,785.4731406969319,0.9939383096416414,put,0.985,0.0101522842639594
55,0.1506849315068493,644.0,-0.19858753711354926,0.2788271507201002,785.4731406969319,0.9939383096416414,put,1.005,0.009950248756218916
55,0.1506849315068493,645.0,-0.19703594642213038,0.2774772850060096,785.4731406969319,0.9939383096416414,put,1.0150000000000001,0.00985221674876848
55,0.1506849315068493,646.0,-0.19548675943530103,0.27612116506377676,785.4731406969319,0.9939383096416414,put,1.025,0.009756097560975618
55,0.1506849315068493,647.0,-0.1939399687170023,0.27499569515417527,785.4731406969319,0.9939383096416414,put,1.04,0.019230769230769246
55,0.1506849315068493,648.0,-0.1923955668656282,0.27385842975166186,785.4731406969319,0.9939383096416414,put,1.0550000000000002,0.009478672985781998
55,0.1506849315068493,649.0,-0.1908535465138129,0.2724790459127481,785.4731406969319,0.9939383096416414,put,1.065,0.009389671361502356
55,0.1506849315068493,650.0,-0.1893139003282201,0.2710937678414567,785.4731406969319,0.9939383096416414,put,1.0750000000000002,0.009302325581395356
55,0.1506849315068493,651.0,-0.18777662100933365,0.27015355821312925,785.4731406969319,0.9939383096416414,put,1.0950000000000002,0.009132420091324207
55,0.1506849315068493,652.0,-0.18624170129124992,0.2689742189712467,785.4731406969319,0.9939383096416414,put,1.11,0.018018018018018032
55,0.1506849315068493,653.0,-0.18470913394147181,0.2675646841436076,785.4731406969319,0.9939383096416414,put,1.12,0.017857142857142672
55,0.1506849315068493,654.0,-0.1831789117607042,0.2663667052467837,785.4731406969319,0.9939383096416414,put,1.1349999999999998,0.008810572687224679
55,0.1506849315068493,655.0,-0.18165102758265098,0.26537206572254246,785.4731406969319,0.9939383096416414,put,1.1549999999999998,0.008658008658008667
55,0.1506849315068493,656.0,-0.18012547427381384,0.2641505721688758,785.4731406969319,0.9939383096416414,put,1.17,0.01709401709401711
55,0.1506849315068493,657.0,-0.17860224473329236,0.2629190119368844,785.4731406969319,0.9939383096416414,put,1.185,0.008438818565400852
55,0.1506849315068493,658.0,-0.17708133189258568,0.2614715915230176,785.4731406969319,0.9939383096416414,put,1.1949999999999998,0.008368200836820092
55,0.1506849315068493,659.0,-0.17556272871539566,0.2604261798108293,785.4731406969319,0.9939383096416414,put,1.2149999999999999,0.008230452674897127
55,0.1506849315068493,660.0,-0.17404642819743166,0.258964364457046,785.4731406969319,0.9939383096416414,put,1.225,0.008163265306122455
55,0.1506849315068493,661.0,-0.1725324233662166,0.25809283699857616,785.4731406969319,0.9939383096416414,put,1.25,0.016000000000000014
55,0.1506849315068493,662.0,-0.1710207072808947,0.2568107303156102,785.4731406969319,0.9939383096416414,put,1.2650000000000001,0.007905138339920955
55,0.1506849315068493,663.0,-0.1695112730320404,0.2555194306237812,785.4731406969319,0.9939383096416414,put,1.28,0.015625000000000014
55,0.1506849315068493,664.0,-0.16800411374146904,0.2542191104231218,785.4731406969319,0.9939383096416414,put,1.295,0.007722007722007729
55,0.1506849315068493,665.0,-0.16649922256204877,0.2530981656081984,785.4731406969319,0.9939383096416414,put,1.315,0.0076045627376425924
55,0.1506849315068493,666.0,-0.16499659267751376,0.25214891142638407,785.4731406969319,0.9939383096416414,put,1.34,0.01492537313432837
55,0.1506849315068493,667.0,-0.16349621730227917,0.2506324558892432,785.4731406969319,0.9939383096416414,put,1.35,0.014814814814814828
55,0.1506849315068493,668.0,-0.16199808968125717,0.24929282481068177,785.4731406969319,0.9939383096416414,put,1.3650000000000002,0.007326007326007331
55,0.1506849315068493,669.0,-0.16050220308967444,0.24830241245208773,785.4731406969319,0.9939383096416414,put,1.39,0.014388489208633108
55,0.1506849315068493,670.0,-0.15900855083289117,0.2471182268429545,785.4731406969319,0.9939383096416414,put,1.41,0.014184397163120581
55,0.1506849315068493,671.0,-0.1575171262462211,0.24592154422407134,785.4731406969319,0.9939383096416414,put,1.43,0.013986013986014
55,0.1506849315068493,672.0,-0.15602792269475335,0.24471258944759702,785.4731406969319,0.9939383096416414,put,1.45,0.013793103448275874
55,0.1506849315068493,673.0,-0.1545409335731751,0.24349158587655456,785.4731406969319,0.9939383096416414,put,1.47,0.01360544217687076
55,0.1506849315068493,674.0,-0.15305615230559588,0.2422586458103467,785.4731406969319,0.9939383096416414,put,1.49,0.01342281879194632
55,0.1506849315068493,675.0,-0.15157357234537308,0.24101400712746926,785.4731406969319,0.9939383096416414,put,1.51,0.013245033112582794
55,0.1506849315068493,676.0,-0.15009318717493883,0.23992053428331314,785.4731406969319,0.9939383096416414,put,1.5350000000000001,0.0065146579804560316
55,0.1506849315068493,677.0,-0.14861499030562791,0.23865091705500827,785.4731406969319,0.9939383096416414,put,1.5550000000000002,0.0064308681672025775
55,0.1506849315068493,678.0,-0.14713897527750736,0.23737003699924583,785.4731406969319,0.9939383096416414,put,1.5750000000000002,0.006349206349206354
55,0.1506849315068493,679.0,-0.1456651356592068,0.2362345431491673,785.4731406969319,0.9939383096416414,put,1.6,0.012500000000000011
55,0.1506849315068493,680.0,-0.14419346504775055,0.23523801969750954,785.4731406969319,0.9939383096416414,put,1.63,0.012269938650306624
55,0.1506849315068493,681.0,-0.14272395706839056,0.23376661664933315,785.4731406969319,0.9939383096416414,put,1.645,0.0060790273556231055
55,0.1506849315068493,682.0,-0.14125660537444082,0.23273893660996722,785.4731406969319,0.9939383096416414,put,1.6749999999999998,0.005970149253731349
55,0.1506849315068493,683.0,-0.13979140364711284,0.23139687010835067,785.4731406969319,0.9939383096416414,put,1.6949999999999998,0.0058997050147492685
55,0.1506849315068493,684.0,-0.13832834559535245,0.23048257439018904,785.4731406969319,0.9939383096416414,put,1.73,0.011560693641618507
55,0.1506849315068493,685.0,-0.13686742495567764,0.22940237184710455,785.4731406969319,0.9939383096416414,put,1.76,0.011363636363636374
55,0.1506849315068493,686.0,-0.1354086354920177,0.22816300368895098,785.4731406969319,0.9939383096416414,put,1.7850000000000001,0.005602240896358548
55,0.1506849315068493,687.0,-0.1339519709955536,0.2269102746336142,785.4731406969319,0.9939383096416414,put,1.81,0.011049723756906087
55,0.1506849315068493,688.0,-0.13249742528455927,0.2256444172891125,785.4731406969319,0.9939383096416414,put,1.835,0.005449591280653956
55,0.1506849315068493,689.0,-0.13104499220424434,0.22463766221530396,785.4731406969319,0.9939383096416414,put,1.87,0.010695187165775291
55,0.1506849315068493,690.0,-0.12959466562659785,0.223476639698967,785.4731406969319,0.9939383096416414,put,1.9,0.010526315789473694
55,0.1506849315068493,691.0,-0.12814643945023302,0.2222994885398977,785.4731406969319,0.9939383096416414,put,1.93,0.010362694300518144
55,0.1506849315068493,692.0,-0.12670030760023338,0.22110646633121434,785.4731406969319,0.9939383096416414,put,1.96,0.01020408163265307
55,0.1506849315068493,693.0,-0.1252562640279997,0.21976926493928875,785.4731406969319,0.9939383096416414,put,1.9849999999999999,0.0050377833753148665
55,0.1506849315068493,694.0,-0.12381430271109843,0.2188004852462121,785.4731406969319,0.9939383096416414,put,2.025,0.0049382716049381666
55,0.1506849315068493,695.0,-0.12237441765311068,0.21755962212922786,785.4731406969319,0.9939383096416414,put,2.0549999999999997,0.004866180048661913
55,0.1506849315068493,696.0,-0.12093660288348317,0.216426995185624,785.4731406969319,0.9939383096416414,put,2.09,0.00956937799043063
55,0.1506849315068493,697.0,-0.11950085245737893,0.21527626893283922,785.4731406969319,0.9939383096416414,put,2.125,0.004705882352941076
55,0.1506849315068493,698.0,-0.11806716045553034,0.21410773782064002,785.4731406969319,0.9939383096416414,put,2.16,0.009259259259259267
55,0.1506849315068493,699.0,-0.11663552098409255,0.21292169120244028,785.4731406969319,0.9939383096416414,put,2.1950000000000003,0.004555808656036551
55,0.1506849315068493,700.0,-0.11520592817449814,0.21206678994406727,785.4731406969319,0.9939383096416414,put,2.245,0.004454342984409705
55,0.1506849315068493,701.0,-0.11377837618331273,0.21072727397312233,785.4731406969319,0.9939383096416414,put,2.275,0.004395604395604302
55,0.1506849315068493,702.0,-0.1123528591920917,0.20959996134049813,785.4731406969319,0.9939383096416414,put,2.315,0.004319654427645697
55,0.1506849315068493,703.0,-0.11092937140723791,0.2084530245819976,785.4731406969319,0.9939383096416414,put,2.355,0.004246284501061481
55,0.1506849315068493,704.0,-0.10950790705986042,0.20728678998970462,785.4731406969319,0.9939383096416414,put,2.395,0.004175365344467552
55,0.1506849315068493,705.0,-0.10808846040563416,0.20631741874896323,785.4731406969319,0.9939383096416414,put,2.4450000000000003,0.0040899795501023435
55,0.1506849315068493,706.0,-0.10667102572466075,0.20500402490282735,785.4731406969319,0.9939383096416414,put,2.4800000000000004,0.008064516129032263
55,0.1506849315068493,707.0,-0.10525559732133007,0.20388504770719867,785.4731406969319,0.9939383096416414,put,2.525,0.003960396039603876
55,0.1506849315068493,708.0,-0.10384216952418306,0.202848109991709,785.4731406969319,0.9939383096416414,put,2.575,0.011650485436893128
55,0.1506849315068493,709.0,-0.10243073668577532,0.20158367024174284,785.4731406969319,0.9939383096416414,put,2.615,0.0038240917782027648
55,0.1506849315068493,710.0,-0.10102129318254172,0.2005024477205303,785.4731406969319,0.9939383096416414,put,2.665,0.0037523452157597697
55,0.1506849315068493,711.0,-0.09961383341466196,0.1994970029792454,785.4731406969319,0.9939383096416414,put,2.7199999999999998,0.007352941176470595
55,0.1506849315068493,712.0,-0.09820835180592706,0.19827114857860054,785.4731406969319,0.9939383096416414,put,2.7649999999999997,0.01084990958408673
55,0.1506849315068493,713.0,-0.09680484280360689,0.19712171472712145,785.4731406969319,0.9939383096416414,put,2.815,0.003552397868561203
55,0.1506849315068493,714.0,-0.09540330087831844,0.19604468760823823,785.4731406969319,0.9939383096416414,put,2.87,0.0069686411149825845
55,0.1506849315068493,715.0,-0.09400372052389518,0.19494314865172757,785.4731406969319,0.9939383096416414,put,2.925,0.003418803418803498
55,0.1506849315068493,716.0,-0.09260609625725721,0.19390937192301322,785.4731406969319,0.9939383096416414,put,2.9850000000000003,0.010050251256281341
55,0.1506849315068493,717.0,-0.09121042261828248,0.1928491954526454,785.4731406969319,0.9939383096416414,put,3.045,0.009852216748768555
55,0.1506849315068493,718.0,-0.08981669416967865,0.1915850462525688,785.4731406969319,0.9939383096416414,put,3.0949999999999998,0.009693053311793152
55,0.1506849315068493,719.0,-0.08842490549685615,0.1905637254116604,785.4731406969319,0.9939383096416414,put,3.16,0.006329113924050638
55,0.1506849315068493,720.0,-0.08703505120780185,0.18960098218387098,785.4731406969319,0.9939383096416414,put,3.2300000000000004,0.0061919504643962895
55,0.1506849315068493,721.0,-0.08564712593295376,0.18826801261814163,785.4731406969319,0.9939383096416414,put,3.2800000000000002,0.006097560975609761
55,0.1506849315068493,722.0,-0.08426112432507661,0.1872511765081632,785.4731406969319,0.9939383096416414,put,3.3499999999999996,0.005970149253731349
55,0.1506849315068493,723.0,-0.08287704105913815,0.1862052945081954,785.4731406969319,0.9939383096416414,put,3.42,0.005847953216374275
55,0.1506849315068493,724.0,-0.08149487083218648,0.18513078955944368,785.4731406969319,0.9939383096416414,put,3.49,0.005730659025787971
55,0.1506849315068493,725.0,-0.08011460836322806,0.18410834359954983,785.4731406969319,0.9939383096416414,put,3.565,0.0028050490883589864
55,0.1506849315068493,726.0,-0.07873624839310675,0.18289795403349823,785.4731406969319,0.9939383096416414,put,3.63,0.005509641873278242
55,0.1506849315068493,727.0,-0.07735978568438348,0.18189603266593388,785.4731406969319,0.9939383096416414,put,3.71,0.005390835579514829
55,0.1506849315068493,728.0,-0.07598521502121688,0.18078595187154678,785.4731406969319,0.9939383096416414,put,3.785,0.007926023778071282
55,0.1506849315068493,729.0,-0.0746125312092447,0.17972246282797882,785.4731406969319,0.9939383096416414,put,3.865,0.007761966364812368
55,0.1506849315068493,730.0,-0.07324172907546604,0.17862835515607142,785.4731406969319,0.9939383096416414,put,3.9450000000000003,0.007604562737642535
55,0.1506849315068493,731.0,-0.07187280346812434,0.17757747448553093,785.4731406969319,0.9939383096416414,put,4.029999999999999,0.004962779156327659
55,0.1506849315068493,732.0,-0.0705057492565913,0.17656685372845077,785.4731406969319,0.9939383096416414,put,4.12,0.004854368932038731
55,0.1506849315068493,733.0,-0.06914056133125136,0.1754515850702809,785.4731406969319,0.9939383096416414,put,4.205,0.007134363852556328
55,0.1506849315068493,734.0,-0.06777723460338728,0.17437541691639077,785.4731406969319,0.9939383096416414,put,4.295,0.006984866123399153
55,0.1506849315068493,735.0,-0.06641576400506619,0.17333564214910868,785.4731406969319,0.9939383096416414,put,4.390000000000001,0.004555808656036551
55,0.1506849315068493,736.0,-0.06505614448902662,0.17226171444397254,785.4731406969319,0.9939383096416414,put,4.484999999999999,0.006688963210702397
55,0.1506849315068493,737.0,-0.06369837102856625,0.1712882023624083,785.4731406969319,0.9939383096416414,put,4.59,0.008714596949891075
55,0.1506849315068493,738.0,-0.062342438617430364,0.17014522306452745,785.4731406969319,0.9939383096416414,put,4.6850000000000005,0.006403415154749252
55,0.1506849315068493,739.0,-0.06098834226970109,0.1692297309516857,785.4731406969319,0.9939383096416414,put,4.8,0.004166666666666578
55,0.1506849315068493,740.0,-0.05963607701968742,0.1682102023867805,785.4731406969319,0.9939383096416414,put,4.91,0.0040733197556007275
55,0.1506849315068493,741.0,-0.05828563792181597,0.16715315079772933,785.4731406969319,0.9939383096416414,put,5.02,0.003984063745020013
55,0.1506849315068493,742.0,-0.05693702005052242,0.16612114660391522,785.4731406969319,0.9939383096416414,put,5.135,0.005842259006816017
55,0.1506849315068493,743.0,-0.0555902185001437,0.1650505549081683,785.4731406969319,0.9939383096416414,put,5.25,0.0038095238095237284
55,0.1506849315068493,744.0,-0.054245228384811,0.16400234484052276,785.4731406969319,0.9939383096416414,put,5.369999999999999,0.007448789571694607
55,0.1506849315068493,745.0,-0.05290204483834335,0.16297470057460223,785.4731406969319,0.9939383096416414,put,5.495,0.005459508644221903
55,0.1506849315068493,746.0,-0.051560663014142014,0.16196570219507436,785.4731406969319,0.9939383096416414,put,5.625,0.0053333333333332195
55,0.1506849315068493,747.0,-0.050221078085085566,0.16108936248524644,785.4731406969319,0.9939383096416414,put,5.77,0.0034662045060659384
55,0.1506849315068493,748.0,-0.048883285243425625,0.15999502366226231,785.4731406969319,0.9939383096416414,put,5.9,0.0033898305084746542
55,0.1506849315068493,749.0,-0.04754727970068339,0.1591425685443851,785.4731406969319,0.9939383096416414,put,6.055,0.004954582989265112
55,0.1506849315068493,750.0,-0.046213056687546744,0.15801882559011352,785.4731406969319,0.9939383096416414,put,6.1899999999999995,0.006462035541195483
55,0.1506849315068493,751.0,-0.04488061145376813,0.15718362525805962,785.4731406969319,0.9939383096416414,put,6.355,0.004720692368214044
55,0.1506849315068493,752.0,-0.04354993926806305,0.1561357662076303,785.4731406969319,0.9939383096416414,put,6.505,0.004611837048424191
55,0.1506849315068493,753.0,-0.0422210354180093,0.15525727941940665,785.4731406969319,0.9939383096416414,put,6.675000000000001,0.004494382022471947
55,0.1506849315068493,754.0,-0.0408938952099468,0.1541696587477937,785.4731406969319,0.9939383096416414,put,6.83,0.00585651537335286
55,0.1506849315068493,755.0,-0.03956851396887817,0.1533497182381126,785.4731406969319,0.9939383096416414,put,7.015000000000001,0.004276550249465466
55,0.1506849315068493,756.0,-0.03824488703836988,0.15226990511693053,785.4731406969319,0.9939383096416414,put,7.18,0.0027855153203343265
55,0.1506849315068493,757.0,-0.036923009780454104,0.1514986851805555,785.4731406969319,0.9939383096416414,put,7.380000000000001,0.00542005420054201
55,0.1506849315068493,758.0,-0.035602877575531225,0.15041966974545173,785.4731406969319,0.9939383096416414,put,7.555,0.003970880211780311
55,0.1506849315068493,759.0,-0.034284485822272955,0.14953972468422302,785.4731406969319,0.9939383096416414,put,7.755,0.003868471953578254
55,0.1506849315068493,760.0,-0.032967829937526116,0.14860460773612152,785.4731406969319,0.9939383096416414,put,7.955,0.0037712130735385744
55,0.1506849315068493,761.0,-0.031652905356217044,0.14775992568545399,785.4731406969319,0.9939383096416414,put,8.17,0.004895960832313237
55,0.1506849315068493,762.0,-0.030339707531256612,0.14680929552449762,785.4731406969319,0.9939383096416414,put,8.379999999999999,0.0047732696897375805
55,0.1506849315068493,763.0,-0.02902823193344588,0.1459448210719853,785.4731406969319,0.9939383096416414,put,8.605,0.0034863451481695943
55,0.1506849315068493,764.0,-0.027718474051382395,0.14506708948562452,785.4731406969319,0.9939383096416414,put,8.835,0.0033955857385398252
55,0.1506849315068493,765.0,-0.02641042939136705,0.14417593899599326,785.4731406969319,0.9939383096416414,put,9.07,0.004410143329658119
55,0.1506849315068493,766.0,-0.02510409347731159,0.14331612906311203,785.4731406969319,0.9939383096416414,put,9.315000000000001,0.003220611916264021
55,0.1506849315068493,767.0,-0.023799461850646703,0.14248430350240152,785.4731406969319,0.9939383096416414,put,9.57,0.004179728317659263
55,0.1506849315068493,768.0,-0.022496530070230725,0.14163378257013107,785.4731406969319,0.9939383096416414,put,9.83,0.004069175991861561
55,0.1506849315068493,769.0,-0.02119529371225892,0.1408525633416904,785.4731406969319,0.9939383096416414,put,10.105,0.0049480455220188724
55,0.1506849315068493,770.0,-0.01989574837017336,0.13995893641728863,785.4731406969319,0.9939383096416414,put,10.375,0.0028915662650603503
55,0.1506849315068493,771.0,-0.018597889654573405,0.13917502373604257,785.4731406969319,0.9939383096416414,put,10.665,0.004688232536333703
55,0.1506849315068493,772.0,-0.017301713193126723,0.13849586942718642,785.4731406969319,0.9939383096416414,put,10.975000000000001,0.0027334851936218095
55,0.1506849315068493,773.0,-0.016007214630480934,0.1377877949330525,785.4731406969319,0.9939383096416414,put,11.29,0.0035429583702392318
55,0.1506849315068493,774.0,-0.014714389628175782,0.13700622759629566,785.4731406969319,0.9939383096416414,put,11.605,0.0025850926324859423
55,0.1506849315068493,775.0,-0.013423233864555902,0.13623777430952233,785.4731406969319,0.9939383096416414,put,11.93,0.0033528918692371456
55,0.1506849315068493,776.0,-0.012133743034684149,0.13530892200250014,785.4731406969319,0.9939383096416414,put,12.245000000000001,0.004083299305839031
55,0.1506849315068493,777.0,-0.010845912850255459,0.13464502792040475,785.4731406969319,0.9939383096416414,put,12.6,0.003174603174603107
55,0.1506849315068493,778.0,-0.009559739039511298,0.13411394019341744,785.4731406969319,0.9939383096416414,put,12.98,0.0030816640986131853
55,0.1506849315068493,779.0,-0.008275217347154638,0.13316557466615545,785.4731406969319,0.9939383096416414,put,13.32,0.003003003003002939
55,0.1506849315068493,780.0,-0.006992343534265482,0.132472951689424,785.4731406969319,0.9939383096416414,put,13.7,0.0029197080291971478
55,0.1506849315068493,781.0,-0.005711113378216939,0.131823448381406,785.4731406969319,0.9939383096416414,put,14.094999999999999,0.003547357218871865
55,0.1506849315068493,782.0,-0.0044315226725918245,0.1311735268851734,785.4731406969319,0.9939383096416414,put,14.5,0.0027586206896551137
55,0.1506849315068493,783.0,-0.0031535672270998046,0.13056356012230652,785.4731406969319,0.9939383096416414,put,14.92,0.004021447721179539
55,0.1506849315068493,784.0,-0.0018772428674950592,0.13011713542889142,785.4731406969319,0.9939383096416414,put,15.370000000000001,0.0039037085230969742
55,0.1506849315068493,785.0,-0.0006025454354944761,0.12916470394682894,785.4731406969319,0.9939383096416414,put,15.77,0.0038046924540266645
55,0.1506849315068493,786.0,0.0006705292113037469,0.1287143989047422,785.4731406969319,0.9939383096416414,call,15.305,0.0032669062397909644
55,0.1506849315068493,787.0,0.001941985199500428,0.12806671431802655,785.4731406969319,0.9939383096416414,call,14.75,0.002711864406779603
55,0.1506849315068493,788.0,0.003211826639976325,0.1275832173776802,785.4731406969319,0.9939383096416414,call,14.225,0.0035149384885765
55,0.1506849315068493,789.0,0.004480057627971441,0.12701481385748215,785.4731406969319,0.9939383096416414,call,13.7,0.0029197080291971478
55,0.1506849315068493,790.0,0.005746682243164375,0.12636033861302065,785.4731406969319,0.9939383096416414,call,13.175,0.003795066413662158
55,0.1506849315068493,791.0,0.00701170454975107,0.12557665692174452,785.4731406969319,0.9939383096416414,call,12.645,0.003954132068011128
55,0.1506849315068493,792.0,0.00827512859652305,0.12524663735517297,785.4731406969319,0.9939383096416414,call,12.18,0.003284072249589421
55,0.1506849315068493,793.0,0.009536958416945178,0.12445144235981218,785.4731406969319,0.9939383096416414,call,11.67,0.003427592116538059
55,0.1506849315068493,794.0,0.010797198029232916,0.12385895878304723,785.4731406969319,0.9939383096416414,call,11.195,0.002679767753461468
55,0.1506849315068493,795.0,0.012055851436429092,0.12372635056815098,785.4731406969319,0.9939383096416414,call,10.785,0.002781641168289396
55,0.1506849315068493,796.0,0.013312922626480204,0.12325044929397516,785.4731406969319,0.9939383096416414,call,10.344999999999999,0.0028999516674721474
55,0.1506849315068493,797.0,0.014568415572312228,0.12281149115073522,785.4731406969319,0.9939383096416414,call,9.92,0.004032258064516043
55,0.1506849315068493,798.0,0.015822334231905953,0.1224969665767237,785.4731406969319,0.9939383096416414,call,9.52,0.004201680672268818
55,0.1506849315068493,799.0,0.017074682548371856,0.12200382099254914,785.4731406969319,0.9939383096416414,call,9.11,0.004390779363337094
55,0.1506849315068493,800.0,0.018325464450024483,0.12154811469854833,785.4731406969319,0.9939383096416414,call,8.715,0.0034423407917385128
55,0.1506849315068493,801.0,0.019574683850456406,0.12113102908899413,785.4731406969319,0.9939383096416414,call,8.335,0.0035992801439711287
55,0.1506849315068493,802.0,0.020822344648611678,0.12084448082039147,785.4731406969319,0.9939383096416414,call,7.98,0.005012531328320806
55,0.1506849315068493,803.0,0.022068450728858855,0.12009889434230324,785.4731406969319,0.9939383096416414,call,7.585,0.00395517468688192
55,0.1506849315068493,804.0,0.023313005961063553,0.1200819339855825,785.4731406969319,0.9939383096416414,call,7.279999999999999,0.0054945054945055
55,0.1506849315068493,805.0,0.02455601420066055,0.11941406551026143,785.4731406969319,0.9939383096416414,call,6.915,0.004338394793926155
55,0.1506849315068493,806.0,0.025797479288725472,0.11930783043992796,785.4731406969319,0.9939383096416414,call,6.62,0.003021148036253712
55,0.1506849315068493,807.0,0.027037405052045976,0.11896628891111101,785.4731406969319,0.9939383096416414,call,6.3100000000000005,0.0031695721077655246
55,0.1506849315068493,808.0,0.028275795303192557,0.11847753842316737,785.4731406969319,0.9939383096416414,call,5.995,0.005004170141784714
55,0.1506849315068493,809.0,0.029512653840588866,0.11838620263662081,785.4731406969319,0.9939383096416414,call,5.73,0.0034904013961606388
55,0.1506849315068493,810.0,0.030747984448581626,0.11789845989252011,785.4731406969319,0.9939383096416414,call,5.4350000000000005,0.005519779208831692
55,0.1506849315068493,811.0,0.0319817908975101,0.11787723149338238,785.4731406969319,0.9939383096416414,call,5.195,0.005774783445620837
55,0.1506849315068493,812.0,0.03321407694377512,0.1176090181079487,785.4731406969319,0.9939383096416414,call,4.9399999999999995,0.004048582995951511
55,0.1506849315068493,813.0,0.03444484632990776,0.11729679219971838,785.4731406969319,0.9939383096416414,call,4.6899999999999995,0.004264392324093915
55,0.1506849315068493,814.0,0.03567410278463747,0.11716049950590761,785.4731406969319,0.9939383096416414,call,4.465,0.006718924972004535
55,0.1506849315068493,815.0,0.03690185002295988,0.11693098825391068,785.4731406969319,0.9939383096416414,call,4.24,0.004716981132075371
55,0.1506849315068493,816.0,0.03812809174620418,0.11654579922875657,785.4731406969319,0.9939383096416414,call,4.01,0.0049875311720697195
55,0.1506849315068493,817.0,0.03935283164210005,0.11646965629872275,785.4731406969319,0.9939383096416414,call,3.815,0.007863695937090498
55,0.1506849315068493,818.0,0.04057607338484422,0.11648445397898222,785.4731406969319,0.9939383096416414,call,3.635,0.008253094910591419
55,0.1506849315068493,819.0,0.04179782063516659,0.11610169890023565,785.4731406969319,0.9939383096416414,call,3.4299999999999997,0.0058309037900874695
55,0.1506849315068493,820.0,0.04301807704039596,0.11605873152955636,785.4731406969319,0.9939383096416414,call,3.26,0.0061349693251533804
55,0.1506849315068493,825.0,0.04909712311677814,0.115348025407606,785.4731406969319,0.9939383096416414,call,2.475,0.012121212121212222
55,0.1506849315068493,830.0,0.055139437572740764,0.11493343441862817,785.4731406969319,0.9939383096416414,call,1.865,0.016085790884718395
55,0.1506849315068493,835.0,0.06114546163295263,0.11514778816584935,785.4731406969319,0.9939383096416414,call,1.415,0.021201413427561856
55,0.1506849315068493,840.0,0.06711562861945644,0.11542417689713176,785.4731406969319,0.9939383096416414,call,1.065,0.009389671361502356
55,0.1506849315068493,845.0,0.07305036413927099,0.11603567389769759,785.4731406969319,0.9939383096416414,call,0.805,0.012422360248447215
55,0.1506849315068493,850.0,0.07895008626645927,0.1173955448404585,785.4731406969319,0.9939383096416414,call,0.625,0.016000000000000014
55,0.1506849315068493,855.0,0.08481520571885735,0.11877716328304427,785.4731406969319,0.9939383096416414,call,0.485,0.020618556701030948
55,0.1506849315068493,860.0,0.09064612602965054,0.12062619743077757,785.4731406969319,0.9939383096416414,call,0.385,0.025974025974025997
55,0.1506849315068493,865.0,0.09644324371397645,0.1223997644952876,785.4731406969319,0.9939383096416414,call,0.305,0.03278688524590167
55,0.1506849315068493,870.0,0.10220694843072652,0.12438958156855913,785.4731406969319,0.9939383096416414,call,0.245,0.04081632653061228
55,0.1506849315068493,875.0,0.10793762313971154,0.12660514530262618,785.4731406969319,0.9939383096416414,call,0.2,0.09999999999999995
55,0.1506849315068493,880.0,0.11363564425434926,0.1289279158662053,785.4731406969319,0.9939383096416414,call,0.165,0.060606060606060656
55,0.1506849315068493,885.0,0.11930138179002663,0.1310361772449945,785.4731406969319,0.9939383096416414,call,0.135,0.07407407407407414
55,0.1506849315068493,890.0,0.12493519950828262,0.1337283776595493,785.4731406969319,0.9939383096416414,call,0.11499999999999999,0.0869565217391304
55,0.1506849315068493,895.0,0.13053745505695247,0.13584429914006535,785.4731406969319,0.9939383096416414,call,0.095,0.10526315789473693
55,0.1506849315068493,900.0,0.13610850010640785,0.13913750217378978,785.4731406969319,0.9939383096416414,call,0.08499999999999999,0.11764705882352937
55,0.1506849315068493,905.0,0.1416486804820232,0.1399277733013714,785.4731406969319,0.9939383096416414,call,0.065,0.15384615384615397
55,0.1506849315068493,910.0,0.1471583362929928,0.1422154580532064,785.4731406969319,0.9939383096416414,call,0.055,0.18181818181818174
86,0.2356164383561644,585.0,-0.2962734027193406,0.32231432644875185,786.7301064962708,0.9905379265311699,put,1.185,0.008438818565400852
86,0.2356164383561644,586.0,-0.2945654603741845,0.32117882004230724,786.7301064962708,0.9905379265311699,put,1.1949999999999998,0.008368200836820092
86,0.2356164383561644,588.0,-0.2911583020525703,0.31889622239783944,786.7301064962708,0.9905379265311699,put,1.2149999999999999,0.008230452674897127
86,0.2356164383561644,589.0,-0.28945906629961043,0.3177492381524948,786.7301064962708,0.9905379265311699,put,1.225,0.008163265306122455
86,0.2356164383561644,590.0,-0.28776271305143203,0.31703836368832716,786.7301064962708,0.9905379265311699,put,1.245,0.008032128514056231
86,0.2356164383561644,592.0,-0.2843786150671914,0.31493373643207767,786.7301064962708,0.9905379265311699,put,1.27,0.015748031496063006
86,0.2356164383561644,595.0,-0.27932384440556735,0.3116313296683922,786.7301064962708,0.9905379265311699,put,1.3050000000000002,0.007662835249042151
86,0.2356164383561644,599.0,-0.27262365183574777,0.307298333000211,786.7301064962708,0.9905379265311699,put,1.355,0.007380073800738014
86,0.2356164383561644,600.0,-0.2709555947350508,0.30630217526705944,786.7301064962708,0.9905379265311699,put,1.37,0.014598540145985252
86,0.2356164383561644,601.0,-0.26929031541598963,0.30529917609843715,786.7301064962708,0.9905379265311699,put,1.3849999999999998,0.007220216606498202
86,0.2356164383561644,604.0,-0.2643110520163823,0.3020589213637296,786.7301064962708,0.9905379265311699,put,1.4249999999999998,0.00701754385964913
86,0.2356164383561644,605.0,-0.2626567919203556,0.30122103067355244,786.7301064962708,0.9905379265311699,put,1.4449999999999998,0.006920415224913502
86,0.2356164383561644,606.0,-0.26100526388188267,0.29999796920030697,786.7301064962708,0.9905379265311699,put,1.455,0.006872852233676982
86,0.2356164383561644,608.0,-0.25771036798503005,0.29791208936555796,786.7301064962708,0.9905379265311699,put,1.4849999999999999,0.006734006734006741
86,0.2356164383561644,609.0,-0.2560669822413001,0.2968600367005043,786.7301064962708,0.9905379265311699,put,1.5,0.013333333333333345
86,0.2356164383561644,610.0,-0.2544262927838402,0.29580203081510753,786.7301064962708,0.9905379265311699,put,1.5150000000000001,0.006600660066006606
86,0.2356164383561644,612.0,-0.25115296743887106,0.2938451887106432,786.7301064962708,0.9905379265311699,put,1.55,0.012903225806451623
86,0.2356164383561644,613.0,-0.24952031401498576,0.292768093069192,786.7301064962708,0.9905379265311699,put,1.565,0.006389776357827482
86,0.2356164383561644,614.0,-0.24789032180405474,0.2916854601174779,786.7301064962708,0.9905379265311699,put,1.58,0.012658227848101276
86,0.2356164383561644,615.0,-0.24626298214467923,0.29076865215081205,786.7301064962708,0.9905379265311699,put,1.6,0.012500000000000011
86,0.2356164383561644,616.0,-0.24463828641767738,0.28967338733161585,786.7301064962708,0.9905379265311699,put,1.6150000000000002,0.0061919504643962895
86,0.2356164383561644,617.0,-0.24301622604580939,0.2885727617260872,786.7301064962708,0.9905379265311699,put,1.63,0.012269938650306624
86,0.2356164383561644,618.0,-0.24139679249350632,0.2874668362858586,786.7301064962708,0.9905379265311699,put,1.645,0.0060790273556231055
86,0.2356164383561644,619.0,-0.23977997726660102,0.28635569172792974,786.7301064962708,0.9905379265311699,put,1.66,0.012048192771084348
86,0.2356164383561644,620.0,-0.23816577191205993,0.28540264615995553,786.7301064962708,0.9905379265311699,put,1.68,0.011904761904761916
86,0.2356164383561644,621.0,-0.23655416801771845,0.28427978227883066,786.7301064962708,0.9905379265311699,put,1.6949999999999998,0.0058997050147492685
86,0.2356164383561644,622.0,-0.23494515721201767,0.2833119153705385,786.7301064962708,0.9905379265311699,put,1.7149999999999999,0.0058309037900874695
86,0.2356164383561644,623.0,-0.233338731163744,0.28233594436439224,786.7301064962708,0.9905379265311699,put,1.7349999999999999,0.005763688760806922
86,0.2356164383561644,624.0,-0.23173488158176953,0.28119540829661255,786.7301064962708,0.9905379265311699,put,1.75,0.011428571428571439
86,0.2356164383561644,625.0,-0.23013360021479562,0.2803602155461032,786.7301064962708,0.9905379265311699,put,1.775,0.005633802816901414
86,0.2356164383561644,626.0,-0.22853487885109863,0.2792073885556103,786.7301064962708,0.9905379265311699,put,1.79,0.011173184357541908
86,0.2356164383561644,627.0,-0.2269387093182765,0.27820187331083274,786.7301064962708,0.9905379265311699,put,1.81,0.011049723756906087
86,0.2356164383561644,628.0,-0.22534508348299842,0.2771888680760588,786.7301064962708,0.9905379265311699,put,1.83,0.010928961748633888
86,0.2356164383561644,629.0,-0.22375399325075662,0.2761683771351428,786.7301064962708,0.9905379265311699,put,1.85,0.01081081081081082
86,0.2356164383561644,630.0,-0.2221654305656188,0.2751406063903639,786.7301064962708,0.9905379265311699,put,1.87,0.010695187165775291
86,0.2356164383561644,631.0,-0.22057938740998406,0.27410564764716355,786.7301064962708,0.9905379265311699,put,1.89,0.010582010582010592
86,0.2356164383561644,632.0,-0.2189958558043397,0.2730636124418579,786.7301064962708,0.9905379265311699,put,1.91,0.010471204188481685
86,0.2356164383561644,633.0,-0.21741482780702098,0.27215725952191516,786.7301064962708,0.9905379265311699,put,1.935,0.005167958656330754
86,0.2356164383561644,634.0,-0.2158362955139713,0.2709586460961381,786.7301064962708,0.9905379265311699,put,1.95,0.010256410256410265
86,0.2356164383561644,635.0,-0.21426025105850546,0.26989592928345685,786.7301064962708,0.9905379265311699,put,1.97,0.0101522842639594
86,0.2356164383561644,636.0,-0.212686686611075,0.26896500082161917,786.7301064962708,0.9905379265311699,put,1.9949999999999999,0.01503759398496231
86,0.2356164383561644,637.0,-0.21111559437903385,0.26802454696427525,786.7301064962708,0.9905379265311699,put,2.0199999999999996,0.009900990099009912
86,0.2356164383561644,638.0,-0.20954696660640723,0.26693928411754214,786.7301064962708,0.9905379265311699,put,2.04,0.00980392156862746
86,0.2356164383561644,639.0,-0.20798079557366234,0.2658476029176475,786.7301064962708,0.9905379265311699,put,2.0599999999999996,0.009708737864077681
86,0.2356164383561644,640.0,-0.20641707359747966,0.26501512736006916,786.7301064962708,0.9905379265311699,put,2.09,0.00956937799043063
86,0.2356164383561644,641.0,-0.20485579303052706,0.2639082984383507,786.7301064962708,0.9905379265311699,put,2.1100000000000003,0.009478672985781998
86,0.2356164383561644,642.0,-0.20329694626123596,0.26279529986696953,786.7301064962708,0.9905379265311699,put,2.13,0.009389671361502356
86,0.2356164383561644,643.0,-0.20174052571357778,0.2618050446122564,786.7301064962708,0.9905379265311699,put,2.1550000000000002,0.013921113689095035
86,0.2356164383561644,644.0,-0.2001865238468436,0.2608061422379316,786.7301064962708,0.9905379265311699,put,2.1799999999999997,0.009174311926605514
86,0.2356164383561644,645.0,-0.19863493315542463,0.2599247058193465,786.7301064962708,0.9905379265311699,put,2.21,0.009049773755656116
86,0.2356164383561644,646.0,-0.1970857461685953,0.2587830023056434,786.7301064962708,0.9905379265311699,put,2.2300000000000004,0.008968609865470859
86,0.2356164383561644,647.0,-0.19553895545029665,0.25788229725986866,786.7301064962708,0.9905379265311699,put,2.26,0.008849557522123902
86,0.2356164383561644,648.0,-0.1939945535989224,0.25684886619791614,786.7301064962708,0.9905379265311699,put,2.285,0.013129102844638864
86,0.2356164383561644,649.0,-0.19245253324710715,0.25592806042842403,786.7301064962708,0.9905379265311699,put,2.315,0.012958963282937472
86,0.2356164383561644,650.0,-0.19091288706151438,0.2549967628950307,786.7301064962708,0.9905379265311699,put,2.3449999999999998,0.012793176972281368
86,0.2356164383561644,651.0,-0.18937560774262785,0.2538190358239902,786.7301064962708,0.9905379265311699,put,2.365,0.012684989429175392
86,0.2356164383561644,652.0,-0.18784068802454418,0.25275295938451764,786.7301064962708,0.9905379265311699,put,2.3899999999999997,0.008368200836820092
86,0.2356164383561644,653.0,-0.18630812067476613,0.2519107231592782,786.7301064962708,0.9905379265311699,put,2.425,0.012371134020618476
86,0.2356164383561644,654.0,-0.1847778984939985,0.25082724716235805,786.7301064962708,0.9905379265311699,put,2.45,0.008163265306122455
86,0.2356164383561644,655.0,-0.1832500143159452,0.24984959411932658,786.7301064962708,0.9905379265311699,put,2.4800000000000004,0.008064516129032263
86,0.2356164383561644,656.0,-0.18172446100710812,0.24908605595095573,786.7301064962708,0.9905379265311699,put,2.5199999999999996,0.007936507936507945
86,0.2356164383561644,657.0,-0.1802012314665867,0.24786551020203915,786.7301064962708,0.9905379265311699,put,2.54,0.007874015748031503
86,0.2356164383561644,658.0,-0.1786803186258799,0.2469689530697362,786.7301064962708,0.9905379265311699,put,2.575,0.011650485436893128
86,0.2356164383561644,659.0,-0.17716171544868994,0.24584403166040705,786.7301064962708,0.9905379265311699,put,2.5999999999999996,0.0076923076923077005
86,0.2356164383561644,660.0,-0.17564541493072597,0.24481958382294902,786.7301064962708,0.9905379265311699,put,2.63,0.0076045627376425924
86,0.2356164383561644,661.0,-0.1741314100995108,0.24399839518342203,786.7301064962708,0.9905379265311699,put,2.67,0.007490636704119857
86,0.2356164383561644,662.0,-0.17261969401418892,0.24295388810031943,786.7301064962708,0.9905379265311699,put,2.7,0.007407407407407414
86,0.2356164383561644,663.0,-0.17111025976533467,0.24210819218276747,786.7301064962708,0.9905379265311699,put,2.74,0.0072992700729927066
86,0.2356164383561644,664.0,-0.16960310047476337,0.2409415456587604,786.7301064962708,0.9905379265311699,put,2.7649999999999997,0.01084990958408673
86,0.2356164383561644,665.0,-0.168098209295343,0.23997175571478885,786.7301064962708,0.9905379265311699,put,2.8,0.00714285714285715
86,0.2356164383561644,666.0,-0.16659557941080802,0.23909187837628718,786.7301064962708,0.9905379265311699,put,2.84,0.007042253521126767
86,0.2356164383561644,667.0,-0.16509520403557348,0.23810006575827194,786.7301064962708,0.9905379265311699,put,2.875,0.010434782608695738
86,0.2356164383561644,668.0,-0.1635970764145514,0.2369996980801457,786.7301064962708,0.9905379265311699,put,2.9050000000000002,0.010327022375215078
86,0.2356164383561644,669.0,-0.1621011898229687,0.23598857225120168,786.7301064962708,0.9905379265311699,put,2.9400000000000004,0.006802721088435379
86,0.2356164383561644,670.0,-0.16060753756618545,0.2350636798189625,786.7301064962708,0.9905379265311699,put,2.9800000000000004,0.006711409395973159
86,0.2356164383561644,671.0,-0.1591161129795153,0.2340316707788684,786.7301064962708,0.9905379265311699,put,3.0149999999999997,0.009950248756218841
86,0.2356164383561644,672.0,-0.1576269094280476,0.23308409531923532,786.7301064962708,0.9905379265311699,put,3.0549999999999997,0.009819967266775715
86,0.2356164383561644,673.0,-0.15613992030646937,0.2322179224192122,786.7301064962708,0.9905379265311699,put,3.0999999999999996,0.0064516129032258125
86,0.2356164383561644,674.0,-0.15465513903889005,0.23124617454928775,786.7301064962708,0.9905379265311699,put,3.1399999999999997,0.006369426751592363
86,0.2356164383561644,675.0,-0.1531725590786673,0.23026312471883317,786.7301064962708,0.9905379265311699,put,3.1799999999999997,0.006289308176100635
86,0.2356164383561644,676.0,-0.15169217390823309,0.22926891499507746,786.7301064962708,0.9905379265311699,put,3.2199999999999998,0.006211180124223608
86,0.2356164383561644,677.0,-0.15021397703892223,0.22817458409053387,786.7301064962708,0.9905379265311699,put,3.255,0.009216589861751093
86,0.2356164383561644,678.0,-0.14873796201080156,0.22742364170371565,786.7301064962708,0.9905379265311699,put,3.3099999999999996,0.006042296072507559
86,0.2356164383561644,679.0,-0.14726412239250103,0.22630779922184963,786.7301064962708,0.9905379265311699,put,3.3449999999999998,0.008968609865470795
86,0.2356164383561644,680.0,-0.14579245178104483,0.225527707258762,786.7301064962708,0.9905379265311699,put,3.4000000000000004,0.005882352941176475
86,0.2356164383561644,681.0,-0.14432294380168476,0.22439087201138724,786.7301064962708,0.9905379265311699,put,3.435,0.008733624454148544
86,0.2356164383561644,682.0,-0.14285559210773505,0.22341408447535768,786.7301064962708,0.9905379265311699,put,3.4800000000000004,0.0057471264367816135
86,0.2356164383561644,683.0,-0.14139039038040713,0.222425253856812,786.7301064962708,0.9905379265311699,put,3.525,0.008510638297872412
86,0.2356164383561644,684.0,-0.13992733232864663,0.22150691615819557,786.7301064962708,0.9905379265311699,put,3.575,0.008391608391608336
86,0.2356164383561644,685.0,-0.13846641168897184,0.22057489418311788,786.7301064962708,0.9905379265311699,put,3.625,0.008275862068965585
86,0.2356164383561644,686.0,-0.13700762222531196,0.21962950780632218,786.7301064962708,0.9905379265311699,put,3.675,0.008163265306122396
86,0.2356164383561644,687.0,-0.13555095772884787,0.2187505963264366,786.7301064962708,0.9905379265311699,put,3.7300000000000004,0.005361930294906171
86,0.2356164383561644,688.0,-0.13409641201785347,0.21777815423232438,786.7301064962708,0.9905379265311699,put,3.7800000000000002,0.005291005291005295
86,0.2356164383561644,689.0,-0.1326439789375386,0.21671489637192543,786.7301064962708,0.9905379265311699,put,3.825,0.007843137254901909
86,0.2356164383561644,690.0,-0.13119365235989214,0.21587180106309514,786.7301064962708,0.9905379265311699,put,3.885,0.007722007722007672
86,0.2356164383561644,691.0,-0.12974542618352722,0.21493649237324844,786.7301064962708,0.9905379265311699,put,3.9400000000000004,0.005076142131979699
86,0.2356164383561644,692.0,-0.12829929433352757,0.21383644240735195,786.7301064962708,0.9905379265311699,put,3.9850000000000003,0.0075282308657465
86,0.2356164383561644,693.0,-0.12685525076129395,0.21302372657006613,786.7301064962708,0.9905379265311699,put,4.05,0.0049382716049381666
86,0.2356164383561644,694.0,-0.1254132894443926,0.2120466526115021,786.7301064962708,0.9905379265311699,put,4.105,0.007308160779537209
86,0.2356164383561644,695.0,-0.12397340438640501,0.210983169089227,786.7301064962708,0.9905379265311699,put,4.154999999999999,0.007220216606498256
86,0.2356164383561644,696.0,-0.12253558961677753,0.21012411429237857,786.7301064962708,0.9905379265311699,put,4.220000000000001,0.009478672985781998
86,0.2356164383561644,697.0,-0.12109983919067321,0.2092485675900065,786.7301064962708,0.9905379265311699,put,4.285,0.007001166861143581
86,0.2356164383561644,698.0,-0.11966614718882465,0.20835674551395933,786.7301064962708,0.9905379265311699,put,4.35,0.004597701149425394
86,0.2356164383561644,699.0,-0.11823450771738692,0.20737934497716254,786.7301064962708,0.9905379265311699,put,4.41,0.004535147392290152
86,0.2356164383561644,700.0,-0.11680491490779253,0.20645647502083994,786.7301064962708,0.9905379265311699,put,4.475,0.006703910614525196
86,0.2356164383561644,701.0,-0.11537736291660702,0.20544994222268914,786.7301064962708,0.9905379265311699,put,4.535,0.006615214994487376
86,0.2356164383561644,702.0,-0.11395184592538604,0.2044968005577449,786.7301064962708,0.9905379265311699,put,4.6,0.008695652173913052
86,0.2356164383561644,703.0,-0.11252835814053229,0.20359501309186637,786.7301064962708,0.9905379265311699,put,4.67,0.004282655246252586
86,0.2356164383561644,704.0,-0.1111068937931547,0.20267664621454923,786.7301064962708,0.9905379265311699,put,4.74,0.004219409282700331
86,0.2356164383561644,705.0,-0.10968744713892849,0.20174187314862052,786.7301064962708,0.9905379265311699,put,4.8100000000000005,0.008316008316008322
86,0.2356164383561644,706.0,-0.1082700124579551,0.20079089628887062,786.7301064962708,0.9905379265311699,put,4.880000000000001,0.008196721311475415
86,0.2356164383561644,707.0,-0.10685458405462434,0.1998876160948433,786.7301064962708,0.9905379265311699,put,4.955,0.006054490413723383
86,0.2356164383561644,708.0,-0.10544115625747738,0.1989041393133526,786.7301064962708,0.9905379265311699,put,5.025,0.005970149253731393
86,0.2356164383561644,709.0,-0.10402972341906967,0.197967266644001,786.7301064962708,0.9905379265311699,put,5.1,0.007843137254901968
86,0.2356164383561644,710.0,-0.10262027991583611,0.1971367489951915,786.7301064962708,0.9905379265311699,put,5.1850000000000005,0.005785920925747395
86,0.2356164383561644,711.0,-0.10121282014795625,0.19610421369734296,786.7301064962708,0.9905379265311699,put,5.255,0.005708848715508918
86,0.2356164383561644,712.0,-0.0998073385392214,0.19517691727227723,786.7301064962708,0.9905379265311699,put,5.335,0.005623242736644679
86,0.2356164383561644,713.0,-0.09840382953690126,0.19435095617690495,786.7301064962708,0.9905379265311699,put,5.425000000000001,0.005529953917050736
86,0.2356164383561644,714.0,-0.09700228761161273,0.19332827960284374,786.7301064962708,0.9905379265311699,put,5.5,0.0072727272727271175
86,0.2356164383561644,715.0,-0.0956027072571895,0.19252260704734095,786.7301064962708,0.9905379265311699,put,5.595000000000001,0.00536193029490621
86,0.2356164383561644,716.0,-0.09420508299055157,0.19158076691571857,786.7301064962708,0.9905379265311699,put,5.68,0.003521126760563462
86,0.2356164383561644,717.0,-0.09280940935157675,0.19067778972666513,786.7301064962708,0.9905379265311699,put,5.77,0.0034662045060659384
86,0.2356164383561644,718.0,-0.09141568090297296,0.1898120116724896,786.7301064962708,0.9905379265311699,put,5.865,0.005115089514066538
86,0.2356164383561644,719.0,-0.09002389223015049,0.18887026240236016,786.7301064962708,0.9905379265311699,put,5.955,0.005037783375314754
86,0.2356164383561644,720.0,-0.08863403794109621,0.18790956606105993,786.7301064962708,0.9905379265311699,put,6.045,0.004962779156327438
86,0.2356164383561644,721.0,-0.08724611266624806,0.18698486693039734,786.7301064962708,0.9905379265311699,put,6.140000000000001,0.0065146579804560316
86,0.2356164383561644,722.0,-0.08586011105837094,0.18604053767957948,786.7301064962708,0.9905379265311699,put,6.234999999999999,0.004811547714514876
86,0.2356164383561644,723.0,-0.08447602779243252,0.18518339685835752,786.7301064962708,0.9905379265311699,put,6.34,0.006309148264984233
86,0.2356164383561644,724.0,-0.08309385756548075,0.18425182372623736,786.7301064962708,0.9905379265311699,put,6.4399999999999995,0.006211180124223608
86,0.2356164383561644,725.0,-0.08171359509652237,0.18340448208319546,786.7301064962708,0.9905379265311699,put,6.55,0.0030534351145037517
86,0.2356164383561644,726.0,-0.0803352351264011,0.18253482743344468,786.7301064962708,0.9905379265311699,put,6.66,0.003003003003002939
86,0.2356164383561644,727.0,-0.07895877241767774,0.18154101881890122,786.7301064962708,0.9905379265311699,put,6.76,0.0059171597633136145
86,0.2356164383561644,728.0,-0.07758420175451118,0.18062858767258794,786.7301064962708,0.9905379265311699,put,6.869999999999999,0.005822416302765653
86,0.2356164383561644,729.0,-0.07621151794253903,0.17969450443617668,786.7301064962708,0.9905379265311699,put,6.98,0.005730659025787971
86,0.2356164383561644,730.0,-0.07484071580876028,0.1788377821857905,786.7301064962708,0.9905379265311699,put,7.1,0.005633802816901414
86,0.2356164383561644,731.0,-0.07347179020141863,0.17800635824196384,786.7301064962708,0.9905379265311699,put,7.225,0.006920415224913471
86,0.2356164383561644,732.0,-0.07210473598988561,0.1770537288985506,786.7301064962708,0.9905379265311699,put,7.34,0.005449591280653956
86,0.2356164383561644,733.0,-0.07073954806454572,0.1761271357765103,786.7301064962708,0.9905379265311699,put,7.460000000000001,0.005361930294906171
86,0.2356164383561644,734.0,-0.06937622133668155,0.17527278899693408,786.7301064962708,0.9905379265311699,put,7.59,0.00527009222661397
86,0.2356164383561644,735.0,-0.06801475073836048,0.17439386952151992,786.7301064962708,0.9905379265311699,put,7.720000000000001,0.005181347150259072
86,0.2356164383561644,736.0,-0.06665513122232096,0.17363010917642635,786.7301064962708,0.9905379265311699,put,7.865,0.0038143674507311186
86,0.2356164383561644,737.0,-0.0652973577618605,0.17270109171389866,786.7301064962708,0.9905379265311699,put,7.995,0.0037523452157597697
86,0.2356164383561644,738.0,-0.06394142535072465,0.17179362136347265,786.7301064962708,0.9905379265311699,put,8.129999999999999,0.0049200492004921196
86,0.2356164383561644,739.0,-0.0625873290029954,0.17090650541305238,786.7301064962708,0.9905379265311699,put,8.27,0.004836759371221179
86,0.2356164383561644,740.0,-0.06123506375298166,0.17012746347030422,786.7301064962708,0.9905379265311699,put,8.425,0.0035608308605340486
86,0.2356164383561644,741.0,-0.05988462465511025,0.16927622249339597,786.7301064962708,0.9905379265311699,put,8.575,0.003498542274052404
86,0.2356164383561644,742.0,-0.05853600678381672,0.16844191904250724,786.7301064962708,0.9905379265311699,put,8.73,0.004581901489117886
86,0.2356164383561644,743.0,-0.05718920523343805,0.16753678902824345,786.7301064962708,0.9905379265311699,put,8.879999999999999,0.004504504504504609
86,0.2356164383561644,744.0,-0.055844215118105264,0.16664798657032115,786.7301064962708,0.9905379265311699,put,9.035,0.003320420586607763
86,0.2356164383561644,745.0,-0.054501031571637645,0.16585933342117307,786.7301064962708,0.9905379265311699,put,9.205,0.00325909831613266
86,0.2356164383561644,746.0,-0.053159649747436345,0.16491485739021589,786.7301064962708,0.9905379265311699,put,9.36,0.004273504273504373
86,0.2356164383561644,747.0,-0.05182006481837981,0.16411000372272927,786.7301064962708,0.9905379265311699,put,9.535,0.00524383848977459
86,0.2356164383561644,748.0,-0.05048227197671991,0.16339907713940258,786.7301064962708,0.9905379265311699,put,9.725000000000001,0.0030848329048842526
86,0.2356164383561644,749.0,-0.04914626643397771,0.16245118296833533,786.7301064962708,0.9905379265311699,put,9.89,0.004044489383215462
86,0.2356164383561644,750.0,-0.04781204342084098,0.16159672579894907,786.7301064962708,0.9905379265311699,put,10.07,0.003972194637537154
86,0.2356164383561644,751.0,-0.0464795981870624,0.16083241262741682,786.7301064962708,0.9905379265311699,put,10.265,0.0029225523623964303
86,0.2356164383561644,752.0,-0.04514892600135735,0.15995636767032584,786.7301064962708,0.9905379265311699,put,10.45,0.0038277511961723374
86,0.2356164383561644,753.0,-0.04382002215130352,0.15916800745868726,786.7301064962708,0.9905379265311699,put,10.65,0.0037558685446008586
86,0.2356164383561644,754.0,-0.04249288194324106,0.1584641014161981,786.7301064962708,0.9905379265311699,put,10.865,0.0027611596870686732
86,0.2356164383561644,755.0,-0.04116750070217246,0.15749257983290119,786.7301064962708,0.9905379265311699,put,11.05,0.003619909502262527
86,0.2356164383561644,756.0,-0.03984387377166421,0.15672142895916943,786.7301064962708,0.9905379265311699,put,11.265,0.00443852640923204
86,0.2356164383561644,757.0,-0.038521996513748345,0.15591601321445522,786.7301064962708,0.9905379265311699,put,11.48,0.0034843205574912146
86,0.2356164383561644,758.0,-0.0372018643088255,0.1551136003801014,786.7301064962708,0.9905379265311699,put,11.7,0.003418803418803498
86,0.2356164383561644,759.0,-0.035883472555567265,0.1544642018392268,786.7301064962708,0.9905379265311699,put,11.945,0.0025115110925074203
86,0.2356164383561644,760.0,-0.03456681667082035,0.15370269492759428,786.7301064962708,0.9905379265311699,put,12.18,0.003284072249589421
86,0.2356164383561644,761.0,-0.033251892089511306,0.1527936946689222,786.7301064962708,0.9905379265311699,put,12.4,0.0032258064516128343
86,0.2356164383561644,762.0,-0.031938694264550906,0.1519964983230221,786.7301064962708,0.9905379265311699,put,12.64,0.0031645569620253893
86,0.2356164383561644,763.0,-0.030627218666740095,0.15123531380758368,786.7301064962708,0.9905379265311699,put,12.89,0.003103180760279358
86,0.2356164383561644,764.0,-0.029317460784676643,0.15043624648402779,786.7301064962708,0.9905379265311699,put,13.14,0.0030441400304414704
86,0.2356164383561644,765.0,-0.028009416124661332,0.1496709687066132,786.7301064962708,0.9905379265311699,put,13.4,0.002985074626865608
86,0.2356164383561644,766.0,-0.026703080210605905,0.14893785426210265,786.7301064962708,0.9905379265311699,put,13.67,0.004389173372348114
86,0.2356164383561644,767.0,-0.025398448583940938,0.14816447304079272,786.7301064962708,0.9905379265311699,put,13.940000000000001,0.0043041606886657455
86,0.2356164383561644,768.0,-0.024095516803524994,0.14738631630216528,786.7301064962708,0.9905379265311699,put,14.215,0.0035174111853676195
86,0.2356164383561644,769.0,-0.02279428044555322,0.1467073444058903,786.7301064962708,0.9905379265311699,put,14.51,0.0027567195037904307
86,0.2356164383561644,770.0,-0.021494735103467583,0.14598595886254476,786.7301064962708,0.9905379265311699,put,14.805,0.003377237419790659
86,0.2356164383561644,771.0,-0.02019687638786766,0.14529110665996237,786.7301064962708,0.9905379265311699,put,15.11,0.003970880211780311
86,0.2356164383561644,772.0,-0.018900699926421013,0.14451855396765909,786.7301064962708,0.9905379265311699,put,15.41,0.0038935756002594886
86,0.2356164383561644,773.0,-0.017606201363775144,0.14384048112324394,786.7301064962708,0.9905379265311699,put,15.73,0.0038143674507311186
86,0.2356164383561644,774.0,-0.016313376361470025,0.14315166019994596,786.7301064962708,0.9905379265311699,put,16.055,0.004360012457178467
86,0.2356164383561644,775.0,-0.015022220597850178,0.1424855682632182,786.7301064962708,0.9905379265311699,put,16.39,0.003660768761440041
86,0.2356164383561644,776.0,-0.013732729767978458,0.14194286996226457,786.7301064962708,0.9905379265311699,put,16.75,0.0035820895522389417
86,0.2356164383561644,777.0,-0.012444899583549688,0.1411154310909016,786.7301064962708,0.9905379265311699,put,17.075000000000003,0.002928257686676469
86,0.2356164383561644,778.0,-0.011158725772805562,0.14041070270307404,786.7301064962708,0.9905379265311699,put,17.424999999999997,0.002869440459110515
86,0.2356164383561644,779.0,-0.009874204080448933,0.13996014279437954,786.7301064962708,0.9905379265311699,put,17.82,0.0033670033670034944
86,0.2356164383561644,780.0,-0.0085913302675597,0.1392243255661816,786.7301064962708,0.9905379265311699,put,18.18,0.0033003300330034253
86,0.2356164383561644,781.0,-0.007310100111511188,0.1385057619497311,786.7301064962708,0.9905379265311699,put,18.549999999999997,0.0032345013477088264
86,0.2356164383561644,782.0,-0.006030509405886108,0.13783737830225612,786.7301064962708,0.9905379265311699,put,18.935,0.0036968576709796824
86,0.2356164383561644,785.0,-0.0022015321687887455,0.13605593772978533,786.7301064962708,0.9905379265311699,put,20.17,0.002974714923153134
86,0.2356164383561644,787.0,0.0003429984662060932,0.1348089596629724,786.7301064962708,0.9905379265311699,call,20.21,0.002968827313211218
86,0.2356164383561644,788.0,0.0016128399066820689,0.13402327072968545,786.7301064962708,0.9905379265311699,call,19.615000000000002,0.0025490695895998322
86,0.2356164383561644,789.0,0.002881070894677041,0.13368388030880143,786.7301064962708,0.9905379265311699,call,19.095,0.0026184865147944863
86,0.2356164383561644,790.0,0.004147695509870054,0.13326014814006804,786.7301064962708,0.9905379265311699,call,18.57,0.003231017770597861
86,0.2356164383561644,791.0,0.005412717816456827,0.13258574431433728,786.7301064962708,0.9905379265311699,call,18.015,0.002775464890369176
86,0.2356164383561644,792.0,0.006676141863228664,0.1319251550370755,786.7301064962708,0.9905379265311699,call,17.47,0.0034344590726959772
86,0.2356164383561644,793.0,0.00793797168365087,0.13161057707268922,786.7301064962708,0.9905379265311699,call,16.985,0.002943773918163127
86,0.2356164383561644,794.0,0.009198211295938464,0.13111007701526342,786.7301064962708,0.9905379265311699,call,16.48,0.0036407766990292642
86,0.2356164383561644,795.0,0.010456864703134719,0.1307229651877021,786.7301064962708,0.9905379265311699,call,16.0,0.003750000000000031
86,0.2356164383561644,796.0,0.011713935893185909,0.13018165894940614,786.7301064962708,0.9905379265311699,call,15.504999999999999,0.0032247662044501088
86,0.2356164383561644,797.0,0.012969428839017793,0.12978720650652287,786.7301064962708,0.9905379265311699,call,15.04,0.002659574468085168
86,0.2356164383561644,798.0,0.014223347498611595,0.12927071818352776,786.7301064962708,0.9905379265311699,call,14.565,0.0034328870580158403
86,0.2356164383561644,799.0,0.015475695815077573,0.12880004503868409,786.7301064962708,0.9905379265311699,call,14.105,0.003544842254519724
86,0.2356164383561644,800.0,0.016726477716730057,0.12817109097967108,786.7301064962708,0.9905379265311699,call,13.629999999999999,0.0029347028613353576
86,0.2356164383561644,801.0,0.01797569711716206,0.12796350446269666,786.7301064962708,0.9905379265311699,call,13.225,0.003780718336483986
86,0.2356164383561644,802.0,0.01922335791531741,0.1275639454906099,786.7301064962708,0.9905379265311699,call,12.8,0.003125000000000072
86,0.2356164383561644,803.0,0.020469463995564447,0.12721169204954258,786.7301064962708,0.9905379265311699,call,12.39,0.0032284100080710995
86,0.2356164383561644,804.0,0.021714019227769218,0.1267331526642396,786.7301064962708,0.9905379265311699,call,11.969999999999999,0.005012531328320844
86,0.2356164383561644,805.0,0.022957027467366293,0.12630138048380332,786.7301064962708,0.9905379265311699,call,11.565,0.004323389537397381
86,0.2356164383561644,806.0,0.024198492555431075,0.1260590165528381,786.7301064962708,0.9905379265311699,call,11.195,0.004466279589102341
86,0.2356164383561644,807.0,0.025438418318751654,0.12572501979490888,786.7301064962708,0.9905379265311699,call,10.82,0.0036968576709795883
86,0.2356164383561644,808.0,0.026676808569898312,0.12544131795358565,786.7301064962708,0.9905379265311699,call,10.46,0.0038240917782027648
86,0.2356164383561644,809.0,0.027913667107294482,0.12488245393969646,786.7301064962708,0.9905379265311699,call,10.07,0.003972194637537154
86,0.2356164383561644,810.0,0.02914899771528732,0.1247010805160875,786.7301064962708,0.9905379265311699,call,9.74,0.0041067761806980645
86,0.2356164383561644,811.0,0.030382804164215862,0.1243527301240177,786.7301064962708,0.9905379265311699,call,9.395,0.005321979776476925
86,0.2356164383561644,812.0,0.031615090210480756,0.12405723867587974,786.7301064962708,0.9905379265311699,call,9.065,0.005515719801434166
86,0.2356164383561644,813.0,0.03284585959661347,0.12374090645371306,786.7301064962708,0.9905379265311699,call,8.74,0.004576659038901504
86,0.2356164383561644,814.0,0.03407511605134325,0.12347998182132276,786.7301064962708,0.9905379265311699,call,8.43,0.004744958481613185
86,0.2356164383561644,815.0,0.03530286328966552,0.1231217633487186,786.7301064962708,0.9905379265311699,call,8.115,0.0036968576709798073
86,0.2356164383561644,816.0,0.036529105012909895,0.12301639172432646,786.7301064962708,0.9905379265311699,call,7.84,0.005102040816326535
86,0.2356164383561644,817.0,0.03775384490880563,0.1227366922057998,786.7301064962708,0.9905379265311699,call,7.550000000000001,0.005298013245033117
86,0.2356164383561644,818.0,0.03897708665154988,0.12255838806377686,786.7301064962708,0.9905379265311699,call,7.279999999999999,0.0054945054945055
86,0.2356164383561644,819.0,0.04019883390187232,0.12232285046285628,786.7301064962708,0.9905379265311699,call,7.01,0.005706134094151218
86,0.2356164383561644,820.0,0.04141909030710155,0.12215260579217393,786.7301064962708,0.9905379265311699,call,6.755000000000001,0.007401924500370069
86,0.2356164383561644,821.0,0.04263785950123105,0.12179882416271019,786.7301064962708,0.9905379265311699,call,6.484999999999999,0.00771010023130298
86,0.2356164383561644,822.0,0.04385514510498282,0.12151002055491646,786.7301064962708,0.9905379265311699,call,6.23,0.006420545746388448
86,0.2356164383561644,823.0,0.045070950725872576,0.12146367961821694,786.7301064962708,0.9905379265311699,call,6.01,0.0066555740432612375
86,0.2356164383561644,824.0,0.04628527995827454,0.12118704447330136,786.7301064962708,0.9905379265311699,call,5.77,0.006932409012131722
86,0.2356164383561644,825.0,0.0474981363834839,0.12089363477474184,786.7301064962708,0.9905379265311699,call,5.535,0.0054200542005420505
86,0.2356164383561644,826.0,0.048709523569780845,0.1209488423936959,786.7301064962708,0.9905379265311699,call,5.345000000000001,0.005612722170252618
86,0.2356164383561644,827.0,0.04991944507249416,0.12072137817475112,786.7301064962708,0.9905379265311699,call,5.130000000000001,0.007797270955165698
86,0.2356164383561644,828.0,0.051127904434062614,0.1206227329296141,786.7301064962708,0.9905379265311699,call,4.9350000000000005,0.00607902735562315
86,0.2356164383561644,829.0,0.05233490518409776,0.12046822696239395,786.7301064962708,0.9905379265311699,call,4.74,0.008438818565400852
86,0.2356164383561644,830.0,0.05354045083944647,0.12015733835431096,786.7301064962708,0.9905379265311699,call,4.535,0.006615214994487376
86,0.2356164383561644,831.0,0.054744544904251125,0.12018307992485604,786.7301064962708,0.9905379265311699,call,4.369999999999999,0.009153318077803214
86,0.2356164383561644,832.0,0.05594719087001139,0.12010662318495481,786.7301064962708,0.9905379265311699,call,4.199999999999999,0.009523809523809533
86,0.2356164383561644,833.0,0.05714839221564556,0.11997500654576909,786.7301064962708,0.9905379265311699,call,4.029999999999999,0.004962779156327659
86,0.2356164383561644,834.0,0.0583481524075497,0.11978591365807416,786.7301064962708,0.9905379265311699,call,3.86,0.010362694300518144
86,0.2356164383561644,835.0,0.05954647489965829,0.11969999966212044,786.7301064962708,0.9905379265311699,call,3.705,0.008097165991902902
86,0.2356164383561644,836.0,0.0607433631335045,0.11955839330694847,786.7301064962708,0.9905379265311699,call,3.55,0.011267605633802828
86,0.2356164383561644,837.0,0.06193882053827806,0.11952916845513885,786.7301064962708,0.9905379265311699,call,3.41,0.005865102639296193
86,0.2356164383561644,838.0,0.06313285053088585,0.11921416015449587,786.7301064962708,0.9905379265311699,call,3.25,0.006153846153846023
86,0.2356164383561644,839.0,0.06432545651600907,0.11913036138598332,786.7301064962708,0.9905379265311699,call,3.115,0.009630818619582602
86,0.2356164383561644,840.0,0.06551664188616205,0.11917379761785013,786.7301064962708,0.9905379265311699,call,2.995,0.010016694490817964
86,0.2356164383561644,841.0,0.06670641002175087,0.11891787272142643,786.7301064962708,0.9905379265311699,call,2.855,0.010507880910683099
86,0.2356164383561644,842.0,0.06789476429112963,0.11904564485813754,786.7301064962708,0.9905379265311699,call,2.75,0.014545454545454558
86,0.2356164383561644,843.0,0.06908170805065822,0.11886604464457687,786.7301064962708,0.9905379265311699,call,2.625,0.011428571428571524
86,0.2356164383561644,844.0,0.07026724464475995,0.11889465820799805,786.7301064962708,0.9905379265311699,call,2.5199999999999996,0.007936507936507945
86,0.2356164383561644,845.0,0.07145137740597675,0.11873549946631787,786.7301064962708,0.9905379265311699,call,2.4050000000000002,0.012474012474012391
86,0.2356164383561644,846.0,0.07263410965502605,0.11879958970128116,786.7301064962708,0.9905379265311699,call,2.3099999999999996,0.008658008658008667
86,0.2356164383561644,847.0,0.07381544470085724,0.11874327312328202,786.7301064962708,0.9905379265311699,call,2.21,0.009049773755656116
86,0.2356164383561644,849.0,0.0761739363601501,0.11884749946786838,786.7301064962708,0.9905379265311699,call,2.035,0.014742014742014645
86,0.2356164383561644,850.0,0.07735109953316499,0.1186305420064467,786.7301064962708,0.9905379265311699,call,1.935,0.015503875968992262
86,0.2356164383561644,851.0,0.07852687862217705,0.11859265090806964,786.7301064962708,0.9905379265311699,call,1.85,0.01081081081081082
86,0.2356164383561644,852.0,0.07970127687811852,0.11858488240498065,786.7301064962708,0.9905379265311699,call,1.77,0.011299435028248598
86,0.2356164383561644,853.0,0.08087429754048198,0.11878192152083905,786.7301064962708,0.9905379265311699,call,1.705,0.01759530791788858
86,0.2356164383561644,855.0,0.08321621898556301,0.1187853469602516,786.7301064962708,0.9905379265311699,call,1.56,0.012820512820512832
86,0.2356164383561644,857.0,0.08555266864658273,0.11877291298181784,786.7301064962708,0.9905379265311699,call,1.4249999999999998,0.00701754385964913
86,0.2356164383561644,858.0,0.08671884953676509,0.11883767205527404,786.7301064962708,0.9905379265311699,call,1.3650000000000002,0.007326007326007331
86,0.2356164383561644,860.0,0.08904713929635616,0.11893061842434283,786.7301064962708,0.9905379265311699,call,1.25,0.016000000000000014
86,0.2356164383561644,862.0,0.09137002071249599,0.11905164688422665,786.7301064962708,0.9905379265311699,call,1.145,0.00873362445414848
86,0.2356164383561644,863.0,0.0925294411322307,0.11909987377165467,786.7301064962708,0.9905379265311699,call,1.0950000000000002,0.027397260273972622
86,0.2356164383561644,864.0,0.09368751885285845,0.11921925606534145,786.7301064962708,0.9905379265311699,call,1.05,0.019047619047619063
86,0.2356164383561644,865.0,0.09484425698068222,0.11941772529719077,786.7301064962708,0.9905379265311699,call,1.01,0.01980198019801982
86,0.2356164383561644,866.0,0.09599965861123792,0.11945529656284072,786.7301064962708,0.9905379265311699,call,0.965,0.010362694300518144
86,0.2356164383561644,869.0,0.09945787531419481,0.12009591555877017,786.7301064962708,0.9905379265311699,call,0.86,0.023255813953488393
86,0.2356164383561644,870.0,0.10060796169743225,0.12009875210126626,786.7301064962708,0.9905379265311699,call,0.8200000000000001,0.024390243902438907
86,0.2356164383561644,875.0,0.10633863640641722,0.12113306617204145,786.7301064962708,0.9905379265311699,call,0.675,0.014814814814814828
86,0.2356164383561644,880.0,0.1120366575210551,0.12234104664253892,786.7301064962708,0.9905379265311699,call,0.56,0.035714285714285546
86,0.2356164383561644,885.0,0.11770239505673241,0.12355831412348081,786.7301064962708,0.9905379265311699,call,0.46499999999999997,0.021505376344085923
86,0.2356164383561644,890.0,0.12333621277498837,0.12495562043182667,786.7301064962708,0.9905379265311699,call,0.39,0.05128205128205133
86,0.2356164383561644,895.0,0.12893846832365816,0.12620635291193497,786.7301064962708,0.9905379265311699,call,0.325,0.030769230769230795
86,0.2356164383561644,900.0,0.13450951337311368,0.12835636281817198,786.7301064962708,0.9905379265311699,call,0.28500000000000003,0.035087719298245446
86,0.2356164383561644,905.0,0.140049693748729,0.12972169507249184,786.7301064962708,0.9905379265311699,call,0.24,0.0833333333333333
86,0.2356164383561644,910.0,0.14555934955969857,0.13130163870850708,786.7301064962708,0.9905379265311699,call,0.20500000000000002,0.04878048780487795
86,0.2356164383561644,915.0,0.1510388153243241,0.13283081719743597,786.7301064962708,0.9905379265311699,call,0.175,0.05714285714285704
86,0.2356164383561644,920.0,0.15648842009188893,0.13492654064349174,786.7301064962708,0.9905379265311699,call,0.155,0.06451612903225812
86,0.2356164383561644,925.0,0.16190848756122808,0.13669089277559845,786.7301064962708,0.9905379265311699,call,0.135,0.07407407407407414
86,0.2356164383561644,930.0,0.16729933619610446,0.13873321402423908,786.7301064962708,0.9905379265311699,call,0.12,0.1666666666666667
86,0.2356164383561644,935.0,0.1726612793374898,0.1404725735463226,786.7301064962708,0.9905379265311699,call,0.10500000000000001,0.09523809523809518
86,0.2356164383561644,940.0,0.17799462531285248,0.14268827639922815,786.7301064962708,0.9905379265311699,call,0.095,0.10526315789473693
143,0.3917808219178082,550.0,-0.36547371485879565,0.32701862137192667,792.6581094819924,0.9843159400629891,put,1.98,0.01010101010101011
143,0.3917808219178082,560.0,-0.34745520935611734,0.31780622998409885,792.6581094819924,0.9843159400629891,put,2.1399999999999997,0.009345794392523374
143,0.3917808219178082,570.0,-0.32975563225671645,0.3088098730437384,792.6581094819924,0.9843159400629891,put,2.3200000000000003,0.00862068965517242
143,0.3917808219178082,580.0,-0.3123638895448473,0.29995196626586523,792.6581094819924,0.9843159400629891,put,2.5199999999999996,0.007936507936507945
143,0.3917808219178082,590.0,-0.2952694561855472,0.29116588039348557,792.6581094819924,0.9843159400629891,put,2.74,0.0072992700729927066
143,0.3917808219178082,600.0,-0.2784623378691658,0.2826980090688318,792.6581094819924,0.9843159400629891,put,2.995,0.010016694490817964
143,0.3917808219178082,610.0,-0.2619330359179553,0.27424227143958585,792.6581094819924,0.9843159400629891,put,3.275,0.009160305343511527
143,0.3917808219178082,620.0,-0.245672515046175,0.2659974962919999,792.6581094819924,0.9843159400629891,put,3.5949999999999998,0.008344923504867818
143,0.3917808219178082,630.0,-0.2296721736997339,0.25769818262682,792.6581094819924,0.9843159400629891,put,3.9450000000000003,0.007604562737642535
143,0.3917808219178082,640.0,-0.21392381673159475,0.24950525778952878,792.6581094819924,0.9843159400629891,put,4.34,0.00921658986175116
143,0.3917808219178082,650.0,-0.1984196301956295,0.24165250654901235,792.6581094819924,0.9843159400629891,put,4.805,0.00624349635796051
143,0.3917808219178082,660.0,-0.1831521580648411,0.23379048837730299,792.6581094819924,0.9843159400629891,put,5.324999999999999,0.005633802816901456
143,0.3917808219178082,670.0,-0.16811428070030046,0.22604623117822276,792.6581094819924,0.9843159400629891,put,5.92,0.0033783783783783066
143,0.3917808219178082,680.0,-0.15329919491515984,0.21833484652111157,792.6581094819924,0.9843159400629891,put,6.595000000000001,0.007581501137225143
143,0.3917808219178082,685.0,-0.14597315482308693,0.21447557003763362,792.6581094819924,0.9843159400629891,put,6.965,0.004307250538406353
143,0.3917808219178082,690.0,-0.13870039549400717,0.21067031475599796,792.6581094819924,0.9843159400629891,put,7.365,0.006788866259334667
143,0.3917808219178082,693.0,-0.13436199389540904,0.20836247761650162,792.6581094819924,0.9843159400629891,put,7.615,0.006565988181221251
143,0.3917808219178082,694.0,-0.13292003257850782,0.207679747497906,792.6581094819924,0.9843159400629891,put,7.710000000000001,0.0051880674448767875
143,0.3917808219178082,695.0,-0.13148014752052012,0.20693989869049928,792.6581094819924,0.9843159400629891,put,7.800000000000001,0.0051282051282051325
143,0.3917808219178082,696.0,-0.13004233275089266,0.20614420540850895,792.6581094819924,0.9843159400629891,put,7.885,0.006341154090044366
143,0.3917808219178082,697.0,-0.12860658232478833,0.20538320414343364,792.6581094819924,0.9843159400629891,put,7.975,0.006269592476489006
143,0.3917808219178082,698.0,-0.1271728903229398,0.20465576247451225,792.6581094819924,0.9843159400629891,put,8.07,0.004956629491945371
143,0.3917808219178082,699.0,-0.12574125085150195,0.20396092498949012,792.6581094819924,0.9843159400629891,put,8.17,0.004895960832313237
143,0.3917808219178082,700.0,-0.12431165804190758,0.2032977502141105,792.6581094819924,0.9843159400629891,put,8.275,0.006042296072507639
143,0.3917808219178082,701.0,-0.12288410605072221,0.20240642518137628,792.6581094819924,0.9843159400629891,put,8.355,0.005984440454817559
143,0.3917808219178082,702.0,-0.12145858905950112,0.2016774587022551,792.6581094819924,0.9843159400629891,put,8.455,0.005913660555884177
143,0.3917808219178082,705.0,-0.1171941902730436,0.19942157901935745,792.6581094819924,0.9843159400629891,put,8.754999999999999,0.005711022272986744
143,0.3917808219178082,706.0,-0.11577675559207024,0.19872964733676124,792.6581094819924,0.9843159400629891,put,8.865,0.005640157924421964
143,0.3917808219178082,707.0,-0.11436132718873948,0.1979428115268198,792.6581094819924,0.9843159400629891,put,8.965,0.005577244841048602
143,0.3917808219178082,708.0,-0.11294789939159254,0.19718544489222678,792.6581094819924,0.9843159400629891,put,9.07,0.004410143329658119
143,0.3917808219178082,709.0,-0.11153646655318472,0.19645684469102107,792.6581094819924,0.9843159400629891,put,9.18,0.004357298474945441
143,0.3917808219178082,710.0,-0.11012702304995117,0.1956755775012086,792.6581094819924,0.9843159400629891,put,9.285,0.005385029617662973
143,0.3917808219178082,711.0,-0.10871956328207133,0.19500233008867748,792.6581094819924,0.9843159400629891,put,9.405000000000001,0.005316321105794676
143,0.3917808219178082,712.0,-0.10731408167333649,0.19423673101039554,792.6581094819924,0.9843159400629891,put,9.515,0.005254860746190113
143,0.3917808219178082,713.0,-0.10591057267101636,0.19349828736255903,792.6581094819924,0.9843159400629891,put,9.629999999999999,0.006230529595015628
143,0.3917808219178082,714.0,-0.10450903074572784,0.19274728824706508,792.6581094819924,0.9843159400629891,put,9.745000000000001,0.00513083632632108
143,0.3917808219178082,715.0,-0.10310945039130463,0.1920610684743728,792.6581094819924,0.9843159400629891,put,9.870000000000001,0.00607902735562315
143,0.3917808219178082,716.0,-0.1017118261246666,0.1912465173268108,792.6581094819924,0.9843159400629891,put,9.98,0.006012024048096242
143,0.3917808219178082,717.0,-0.10031615248569191,0.19049596001618113,792.6581094819924,0.9843159400629891,put,10.100000000000001,0.005940594059405989
143,0.3917808219178082,718.0,-0.09892242403708813,0.18980784097629336,792.6581094819924,0.9843159400629891,put,10.23,0.003910068426197375
143,0.3917808219178082,719.0,-0.09753063536426555,0.18906849264079612,792.6581094819924,0.9843159400629891,put,10.355,0.004828585224529281
143,0.3917808219178082,720.0,-0.09614078107521129,0.18835264060158327,792.6581094819924,0.9843159400629891,put,10.485,0.004768717215069045
143,0.3917808219178082,721.0,-0.09475285580036315,0.18762266271687844,792.6581094819924,0.9843159400629891,put,10.615,0.004710315591144674
143,0.3917808219178082,722.0,-0.09336685419248604,0.18691532114523557,792.6581094819924,0.9843159400629891,put,10.75,0.005581395348837091
143,0.3917808219178082,723.0,-0.09198277092654764,0.18623017767724262,792.6581094819924,0.9843159400629891,put,10.89,0.005509641873278282
143,0.3917808219178082,724.0,-0.09060060069959588,0.18553060269839255,792.6581094819924,0.9843159400629891,put,11.030000000000001,0.0054397098821396634
143,0.3917808219178082,725.0,-0.08922033823063752,0.18474513314394977,792.6581094819924,0.9843159400629891,put,11.16,0.0035842293906809273
143,0.3917808219178082,728.0,-0.08509094488862624,0.1825526629176491,792.6581094819924,0.9843159400629891,put,11.585,0.0043159257660767315
143,0.3917808219178082,729.0,-0.08371826107665412,0.18181606870941144,792.6581094819924,0.9843159400629891,put,11.73,0.005115089514066538
143,0.3917808219178082,730.0,-0.0823474589428755,0.18116787941610293,792.6581094819924,0.9843159400629891,put,11.89,0.005046257359125357
143,0.3917808219178082,731.0,-0.08097853333553373,0.18043543152181252,792.6581094819924,0.9843159400629891,put,12.04,0.004983388704318978
143,0.3917808219178082,732.0,-0.07961147912400073,0.17982324726228818,792.6581094819924,0.9843159400629891,put,12.21,0.004914004914004955
143,0.3917808219178082,734.0,-0.07688296447079669,0.17834764659051017,792.6581094819924,0.9843159400629891,put,12.52,0.004792332268370647
143,0.3917808219178082,735.0,-0.07552149387247564,0.1776198838847693,792.6581094819924,0.9843159400629891,put,12.68,0.0031545741324920462
143,0.3917808219178082,737.0,-0.07280410089597569,0.17621485371153303,792.6581094819924,0.9843159400629891,put,13.015,0.003841721091048708
143,0.3917808219178082,738.0,-0.07144816848483973,0.17556866745428962,792.6581094819924,0.9843159400629891,put,13.195,0.0037893141341417743
143,0.3917808219178082,739.0,-0.0700940721371105,0.17487297038104613,792.6581094819924,0.9843159400629891,put,13.370000000000001,0.004487658937920755
143,0.3917808219178082,740.0,-0.06874180688709677,0.17425664047116227,792.6581094819924,0.9843159400629891,put,13.559999999999999,0.004424778761061984
143,0.3917808219178082,741.0,-0.06739136778922537,0.1734633761791597,792.6581094819924,0.9843159400629891,put,13.725,0.0036429872495446786
143,0.3917808219178082,742.0,-0.06604274991793185,0.17287531810610976,792.6581094819924,0.9843159400629891,put,13.925,0.005026929982046699
143,0.3917808219178082,743.0,-0.06469594836755307,0.1721425808494417,792.6581094819924,0.9843159400629891,put,14.105,0.003544842254519724
143,0.3917808219178082,744.0,-0.06335095825222042,0.17145505047749252,792.6581094819924,0.9843159400629891,put,14.295,0.004896817068905232
143,0.3917808219178082,745.0,-0.0620077747057527,0.1707495276386344,792.6581094819924,0.9843159400629891,put,14.485,0.003451846738004759
143,0.3917808219178082,746.0,-0.060666392881551415,0.17011873327408025,792.6581094819924,0.9843159400629891,put,14.690000000000001,0.004084411164057215
143,0.3917808219178082,747.0,-0.059326807952495,0.1694996803661926,792.6581094819924,0.9843159400629891,put,14.899999999999999,0.005369127516778528
143,0.3917808219178082,748.0,-0.057989015110835,0.16870895530158156,792.6581094819924,0.9843159400629891,put,15.085,0.0033145508783559118
143,0.3917808219178082,749.0,-0.05665300956809281,0.16808205905110515,792.6581094819924,0.9843159400629891,put,15.3,0.003921568627451012
143,0.3917808219178082,750.0,-0.0553187865549561,0.1674652228833644,792.6581094819924,0.9843159400629891,put,15.52,0.003865979381443331
143,0.3917808219178082,751.0,-0.05398634132117753,0.16676831225335723,792.6581094819924,0.9843159400629891,put,15.73,0.005085823267641454
143,0.3917808219178082,752.0,-0.05265566913547238,0.1660817618232192,792.6581094819924,0.9843159400629891,put,15.945,0.004390090937598011
143,0.3917808219178082,753.0,-0.05132676528541867,0.16537605261551436,792.6581094819924,0.9843159400629891,put,16.16,0.0037128712871288536
143,0.3917808219178082,754.0,-0.049999625077356225,0.16476793282249977,792.6581094819924,0.9843159400629891,put,16.395,0.0042695943885331065
143,0.3917808219178082,755.0,-0.048674243836287524,0.16419695318876096,792.6581094819924,0.9843159400629891,put,16.64,0.004807692307692205
143,0.3917808219178082,756.0,-0.04735061690577928,0.16348876182015473,792.6581094819924,0.9843159400629891,put,16.865000000000002,0.002964719833975731
143,0.3917808219178082,757.0,-0.046028739647863436,0.1628175977367016,792.6581094819924,0.9843159400629891,put,17.1,0.004678362573099523
143,0.3917808219178082,758.0,-0.044708607442940605,0.1621540373868161,792.6581094819924,0.9843159400629891,put,17.34,0.0034602076124568785
143,0.3917808219178082,759.0,-0.04339021568968238,0.1615263388574929,792.6581094819924,0.9843159400629891,put,17.59,0.004548038658328499
143,0.3917808219178082,760.0,-0.042073559804935476,0.16090559481189745,792.6581094819924,0.9843159400629891,put,17.845,0.0039226674138414285
143,0.3917808219178082,761.0,-0.04075863522362645,0.16020615197587332,792.6581094819924,0.9843159400629891,put,18.09,0.004422332780541642
143,0.3917808219178082,762.0,-0.03944543739866595,0.15962520921179763,792.6581094819924,0.9843159400629891,put,18.36,0.0032679738562092745
143,0.3917808219178082,763.0,-0.038133961800855265,0.15902092541140958,792.6581094819924,0.9843159400629891,put,18.630000000000003,0.0042941492216855524
143,0.3917808219178082,764.0,-0.03682420391879182,0.15847697035967304,792.6581094819924,0.9843159400629891,put,18.915,0.004758128469468668
143,0.3917808219178082,765.0,-0.03551615925877641,0.15788134698496675,792.6581094819924,0.9843159400629891,put,19.195,0.004688721021099237
143,0.3917808219178082,766.0,-0.034209823344720995,0.15715139737516076,792.6581094819924,0.9843159400629891,put,19.455,0.0035980467746079023
143,0.3917808219178082,767.0,-0.03290519171805604,0.15656351380030795,792.6581094819924,0.9843159400629891,put,19.744999999999997,0.004558115978728785
143,0.3917808219178082,768.0,-0.03160225993764011,0.1559236566519111,792.6581094819924,0.9843159400629891,put,20.03,0.003994008986520312
143,0.3917808219178082,769.0,-0.030301023579668233,0.15534145500681562,792.6581094819924,0.9843159400629891,put,20.33,0.003935071323167823
143,0.3917808219178082,770.0,-0.02900147823758272,0.15484222942628906,792.6581094819924,0.9843159400629891,put,20.65,0.00387409200968532
143,0.3917808219178082,771.0,-0.027703619521982813,0.15415515264065968,792.6581094819924,0.9843159400629891,put,20.939999999999998,0.003820439350525399
143,0.3917808219178082,772.0,-0.026407443060536065,0.15357794924040674,792.6581094819924,0.9843159400629891,put,21.255000000000003,0.004234297812279456
143,0.3917808219178082,773.0,-0.02511294449789032,0.15300146399702363,792.6581094819924,0.9843159400629891,put,21.575000000000003,0.004171494785631511
143,0.3917808219178082,774.0,-0.0238201194955851,0.1523453614564209,792.6581094819924,0.9843159400629891,put,21.884999999999998,0.005026273703449989
143,0.3917808219178082,775.0,-0.02252896373196527,0.1518232912852859,792.6581094819924,0.9843159400629891,put,22.225,0.0040494938132733345
143,0.3917808219178082,776.0,-0.021239472902093562,0.15127390419763417,792.6581094819924,0.9843159400629891,put,22.564999999999998,0.0039884777309993295
143,0.3917808219178082,777.0,-0.019951642717664805,0.15064483470094933,792.6581094819924,0.9843159400629891,put,22.895,0.004804542476523233
143,0.3917808219178082,778.0,-0.01866546890692069,0.15025246929082248,792.6581094819924,0.9843159400629891,put,23.275,0.00386680988184747
143,0.3917808219178082,779.0,-0.01738094721456396,0.14964623720261688,792.6581094819924,0.9843159400629891,put,23.62,0.004233700254022075
143,0.3917808219178082,780.0,-0.01609807340167485,0.14901173364276699,792.6581094819924,0.9843159400629891,put,23.965000000000003,0.0037554767369079845
143,0.3917808219178082,781.0,-0.014816843245626241,0.14850690875470557,792.6581094819924,0.9843159400629891,put,24.34,0.00410846343467549
143,0.3917808219178082,782.0,-0.013537252540001172,0.1479722070695412,792.6581094819924,0.9843159400629891,put,24.715000000000003,0.003641513251062102
143,0.3917808219178082,783.0,-0.012259297094509198,0.14753971030455665,792.6581094819924,0.9843159400629891,put,25.115000000000002,0.004379852677682778
143,0.3917808219178082,784.0,-0.010982972734904386,0.14702422714109822,792.6581094819924,0.9843159400629891,put,25.505,0.004312879827484785
143,0.3917808219178082,785.0,-0.009708275302903848,0.14639985805812006,792.6581094819924,0.9843159400629891,put,25.88,0.0038639876352396223
143,0.3917808219178082,786.0,-0.008435200656105668,0.14582385865159112,792.6581094819924,0.9843159400629891,put,26.27,0.003806623524933438
143,0.3917808219178082,787.0,-0.007163744667909033,0.1452946181876458,792.6581094819924,0.9843159400629891,put,26.674999999999997,0.003373945641986874
143,0.3917808219178082,788.0,-0.0058939032274331815,0.14483805610596057,792.6581094819924,0.9843159400629891,put,27.1,0.004428044280442841
143,0.3917808219178082,789.0,-0.004625672239437999,0.14437513022927898,792.6581094819924,0.9843159400629891,put,27.53,0.0036324010170722073
143,0.3917808219178082,790.0,-0.0033590476242451096,0.1437756926350635,792.6581094819924,0.9843159400629891,put,27.939999999999998,0.004294917680744488
143,0.3917808219178082,791.0,-0.0020940253176583486,0.14330073120338518,792.6581094819924,0.9843159400629891,put,28.38,0.0035236081747710155
143,0.3917808219178082,792.0,-0.0008306012708864134,0.1428710687853969,792.6581094819924,0.9843159400629891,put,28.835,0.0031212068666551015
143,0.3917808219178082,793.0,0.00043122854953567036,0.14236263634910687,792.6581094819924,0.9843159400629891,call,27.565,0.002539452203881744
143,0.3917808219178082,794.0,0.0016914681618233622,0.14184916773046505,792.6581094819924,0.9843159400629891,call,26.995,0.0025930727912576506
143,0.3917808219178082,795.0,0.0029501215690197155,0.14130754488029776,792.6581094819924,0.9843159400629891,call,26.425,0.002649006622516567
143,0.3917808219178082,796.0,0.004207192759070784,0.14086583216068538,792.6581094819924,0.9843159400629891,call,25.880000000000003,0.0023183925811436907
143,0.3917808219178082,797.0,0.005462685704902763,0.14036980306012217,792.6581094819924,0.9843159400629891,call,25.33,0.002368732727990475
143,0.3917808219178082,798.0,0.006716604364496444,0.13989622980540967,792.6581094819924,0.9843159400629891,call,24.79,0.0024203307785396824
143,0.3917808219178082,799.0,0.0079689526809623,0.1394963065676064,792.6581094819924,0.9843159400629891,call,24.27,0.002472187886279451
143,0.3917808219178082,800.0,0.009219734582615104,0.13906714450561267,792.6581094819924,0.9843159400629891,call,23.75,0.0016842105263157536
143,0.3917808219178082,801.0,0.010468953983046982,0.13837682477963523,792.6581094819924,0.9843159400629891,call,23.185,0.0030191934440371056
143,0.3917808219178082,802.0,0.01171661478120221,0.1381458336693011,792.6581094819924,0.9843159400629891,call,22.715,0.002201188641866483
143,0.3917808219178082,803.0,0.012962720861449343,0.13770477163622374,792.6581094819924,0.9843159400629891,call,22.21,0.002701485817199402
143,0.3917808219178082,804.0,0.014207276093654214,0.13728522761133066,792.6581094819924,0.9843159400629891,call,21.715,0.0032235781717706784
143,0.3917808219178082,805.0,0.01545028433325117,0.1369130651064629,792.6581094819924,0.9843159400629891,call,21.235,0.0023546032493525176
143,0.3917808219178082,806.0,0.016691749421316043,0.136458623874339,792.6581094819924,0.9843159400629891,call,20.745,0.0033743070619426502
143,0.3917808219178082,807.0,0.017931675184636505,0.13615544034590601,792.6581094819924,0.9843159400629891,call,20.29,0.002957121734844688
143,0.3917808219178082,808.0,0.01917006543578304,0.13563919710614727,792.6581094819924,0.9843159400629891,call,19.799999999999997,0.003030303030302966
143,0.3917808219178082,809.0,0.020406923973179527,0.13527441281322947,792.6581094819924,0.9843159400629891,call,19.345,0.0036185060739209246
143,0.3917808219178082,810.0,0.021642254581172242,0.13487852817165136,792.6581094819924,0.9843159400629891,call,18.89,0.002117522498676503
143,0.3917808219178082,815.0,0.02779612015555049,0.1331131993058241,792.6581094819924,0.9843159400629891,call,16.744999999999997,0.002985965959988099
143,0.3917808219178082,820.0,0.03391234717298657,0.13146158360266907,792.6581094819924,0.9843159400629891,call,14.77,0.00406228842247803
143,0.3917808219178082,830.0,0.04603370770533137,0.128606770647534,792.6581094819924,0.9843159400629891,call,11.34,0.0035273368606701188
143,0.3917808219178082,840.0,0.05800989875204705,0.1266572119983653,792.6581094819924,0.9843159400629891,call,8.615,0.0058038305281486605
143,0.3917808219178082,850.0,0.06984435639904987,0.12502775138366376,792.6581094819924,0.9843159400629891,call,6.4350000000000005,0.0046620046620047
143,0.3917808219178082,860.0,0.08154039616224114,0.12377716508066647,792.6581094819924,0.9843159400629891,call,4.74,0.008438818565400852
143,0.3917808219178082,870.0,0.0931012185633171,0.12297780330377192,792.6581094819924,0.9843159400629891,call,3.46,0.011560693641618507
143,0.3917808219178082,880.0,0.10452991438693984,0.12245616354011955,792.6581094819924,0.9843159400629891,call,2.5,0.016000000000000014
143,0.3917808219178082,890.0,0.11582946964087319,0.12216058227190808,792.6581094819924,0.9843159400629891,call,1.79,0.011173184357541908
143,0.3917808219178082,900.0,0.12700277023899842,0.12221464558416346,792.6581094819924,0.9843159400629891,call,1.28,0.015625000000000014
143,0.3917808219178082,910.0,0.13805260642558337,0.12289719394985131,792.6581094819924,0.9843159400629891,call,0.9299999999999999,0.021505376344085923
143,0.3917808219178082,920.0,0.1489816769577738,0.1239964732036685,792.6581094819924,0.9843159400629891,call,0.685,0.014598540145985252
254,0.6958904109589041,490.0,-0.49375935706544666,0.34045427585959503,802.8474719693675,0.9723113780031709,put,2.9000000000000004,0.006896551724137936
254,0.6958904109589041,495.0,-0.4836069856014286,0.33658685907436275,802.8474719693675,0.9723113780031709,put,3.0,0.006666666666666525
254,0.6958904109589041,500.0,-0.4735566497479271,0.33277519887929474,802.8474719693675,0.9723113780031709,put,3.105,0.00966183574879235
254,0.6958904109589041,505.0,-0.4636063188947592,0.32891216312251836,802.8474719693675,0.9723113780031709,put,3.21,0.006230529595015582
254,0.6958904109589041,510.0,-0.4537540224517475,0.32529405422005647,802.8474719693675,0.9723113780031709,put,3.33,0.006006006006006011
254,0.6958904109589041,515.0,-0.44399784750638277,0.321423893628833,802.8474719693675,0.9723113780031709,put,3.4400000000000004,0.005813953488372097
254,0.6958904109589041,520.0,-0.4343359365946458,0.3178715437468803,802.8474719693675,0.9723113780031709,put,3.5700000000000003,0.005602240896358548
254,0.6958904109589041,525.0,-0.4247664855784952,0.31416414979407065,802.8474719693675,0.9723113780031709,put,3.6950000000000003,0.0027063599458728633
254,0.6958904109589041,530.0,-0.41528774162395143,0.3106551597833937,802.8474719693675,0.9723113780031709,put,3.835,0.007822685788787549
254,0.6958904109589041,535.0,-0.40589800127411235,0.3069940073524876,802.8474719693675,0.9723113780031709,put,3.9699999999999998,0.0050377833753148665
254,0.6958904109589041,540.0,-0.39659560861179877,0.3034321073306971,802.8474719693675,0.9723113780031709,put,4.115,0.007290400972053523
254,0.6958904109589041,545.0,-0.3873789535068749,0.2999574514625774,802.8474719693675,0.9723113780031709,put,4.27,0.004683840749414628
254,0.6958904109589041,550.0,-0.37824646994360234,0.29648474866654495,802.8474719693675,0.9723113780031709,put,4.43,0.004514672686230353
254,0.6958904109589041,555.0,-0.3691966344236844,0.29301082760970754,802.8474719693675,0.9723113780031709,put,4.595000000000001,0.006528835690968497
254,0.6958904109589041,560.0,-0.3602279644409239,0.28960276310160293,802.8474719693675,0.9723113780031709,put,4.77,0.004192872117400517
254,0.6958904109589041,565.0,-0.35133901702367804,0.2863850826209102,802.8474719693675,0.9723113780031709,put,4.965,0.006042296072507603
254,0.6958904109589041,570.0,-0.3425283873415231,0.28294630107446805,802.8474719693675,0.9723113780031709,put,5.15,0.0077669902912621425
254,0.6958904109589041,575.0,-0.33379470737276845,0.2796178349356415,802.8474719693675,0.9723113780031709,put,5.35,0.0037383177570094323
254,0.6958904109589041,580.0,-0.3251366446296538,0.27638551124361027,802.8474719693675,0.9723113780031709,put,5.5649999999999995,0.00539083557951487
254,0.6958904109589041,585.0,-0.3165529009382625,0.2731193963990541,802.8474719693675,0.9723113780031709,put,5.785,0.005185825410544555
254,0.6958904109589041,590.0,-0.3080422112703538,0.26993246214399597,802.8474719693675,0.9723113780031709,put,6.02,0.006644518272425255
254,0.6958904109589041,595.0,-0.2996033426244891,0.26675760457404,802.8474719693675,0.9723113780031709,put,6.265000000000001,0.00478850758180371
254,0.6958904109589041,600.0,-0.2912350929539725,0.26358917268344456,802.8474719693675,0.9723113780031709,put,6.52,0.0061349693251533804
254,0.6958904109589041,605.0,-0.2829362901392775,0.2605250971832991,802.8474719693675,0.9723113780031709,put,6.795,0.0044150110375275
254,0.6958904109589041,610.0,-0.274705791002762,0.25740125452394397,802.8474719693675,0.9723113780031709,put,7.074999999999999,0.004240282685512403
254,0.6958904109589041,615.0,-0.266542480363601,0.25440915491999855,802.8474719693675,0.9723113780031709,put,7.380000000000001,0.00542005420054201
254,0.6958904109589041,620.0,-0.25844527013098173,0.25130088907174497,802.8474719693675,0.9723113780031709,put,7.6850000000000005,0.0039037085230969742
254,0.6958904109589041,625.0,-0.25041309843371745,0.24830540859186903,802.8474719693675,0.9723113780031709,put,8.015,0.0037429819089206933
254,0.6958904109589041,630.0,-0.24244492878454055,0.24527489127390845,802.8474719693675,0.9723113780031709,put,8.355,0.003590664272890408
254,0.6958904109589041,635.0,-0.23453974927742724,0.24225025818031048,802.8474719693675,0.9723113780031709,put,8.71,0.00459242250287037
254,0.6958904109589041,640.0,-0.22669657181640146,0.23934694773960963,802.8474719693675,0.9723113780031709,put,9.094999999999999,0.003298515667949353
254,0.6958904109589041,645.0,-0.21891443137434646,0.2364665014831259,802.8474719693675,0.9723113780031709,put,9.5,0.004210526315789384
254,0.6958904109589041,650.0,-0.21119238528043613,0.2334856869944095,802.8474719693675,0.9723113780031709,put,9.91,0.004036326942482255
254,0.6958904109589041,655.0,-0.20352951253486695,0.23062984165094277,802.8474719693675,0.9723113780031709,put,10.355,0.004828585224529281
254,0.6958904109589041,660.0,-0.19592491314964774,0.22780804387066372,802.8474719693675,0.9723113780031709,put,10.825,0.004618937644341703
254,0.6958904109589041,665.0,-0.1883777075142648,0.22497420986293368,802.8474719693675,0.9723113780031709,put,11.315,0.0044189129474149986
254,0.6958904109589041,670.0,-0.18088703578510718,0.2221208172875787,802.8474719693675,0.9723113780031709,put,11.825,0.0042283298097250685
254,0.6958904109589041,675.0,-0.17345205729758906,0.21934097169409275,802.8474719693675,0.9723113780031709,put,12.370000000000001,0.003233629749393769
254,0.6958904109589041,680.0,-0.1660719499999666,0.2165568430457721,802.8474719693675,0.9723113780031709,put,12.940000000000001,0.003091190108191725
254,0.6958904109589041,685.0,-0.15874590990789367,0.21381964548171917,802.8474719693675,0.9723113780031709,put,13.545,0.003691399040236302
254,0.6958904109589041,690.0,-0.15147315057881386,0.2110262056107678,802.8474719693675,0.9723113780031709,put,14.17,0.002822865208186249
254,0.6958904109589041,695.0,-0.14425290260532675,0.2082894076247018,802.8474719693675,0.9723113780031709,put,14.835,0.003370407819346069
254,0.6958904109589041,700.0,-0.1370844131267143,0.20551003262859163,802.8474719693675,0.9723113780031709,put,15.525,0.0032206119162641357
254,0.6958904109589041,705.0,-0.1299669453578503,0.20287119979287538,802.8474719693675,0.9723113780031709,put,16.275,0.003072196620583761
254,0.6958904109589041,710.0,-0.1228997781347578,0.20013813197341015,802.8474719693675,0.9723113780031709,put,17.045,0.0029334115576415787
254,0.6958904109589041,715.0,-0.11588220547611122,0.19746135459052921,802.8474719693675,0.9723113780031709,put,17.865000000000002,0.002798768541841629
254,0.6958904109589041,720.0,-0.10891353616001798,0.19475249862429853,802.8474719693675,0.9723113780031709,put,18.72,0.003205128205128137
254,0.6958904109589041,725.0,-0.10199309331544416,0.19209684217190115,802.8474719693675,0.9723113780031709,put,19.630000000000003,0.004075394803871719
254,0.6958904109589041,730.0,-0.0951202140276821,0.18947950139064607,802.8474719693675,0.9723113780031709,put,20.595,0.003398883224083529
254,0.6958904109589041,735.0,-0.0882942489572822,0.18688137415185777,802.8474719693675,0.9723113780031709,put,21.615,0.003238491788110122
254,0.6958904109589041,740.0,-0.08151456197190353,0.18424427466290305,802.8474719693675,0.9723113780031709,put,22.68,0.0035273368606701188
254,0.6958904109589041,745.0,-0.07478052979055942,0.18157834493586872,802.8474719693675,0.9723113780031709,put,23.795,0.002941794494641594
254,0.6958904109589041,750.0,-0.06809154163976279,0.178979487776777,802.8474719693675,0.9723113780031709,put,24.985,0.0028016810086051746
254,0.6958904109589041,755.0,-0.061446998921094176,0.17642571018020656,802.8474719693675,0.9723113780031709,put,26.25,0.0030476190476189827
254,0.6958904109589041,760.0,-0.054846314889742204,0.17383499564290936,802.8474719693675,0.9723113780031709,put,27.575000000000003,0.003263825929283766
254,0.6958904109589041,765.0,-0.0482889143435831,0.17125395471858676,802.8474719693675,0.9723113780031709,put,28.975,0.003106125970664361
254,0.6958904109589041,770.0,-0.04177423332238937,0.1688882723310558,802.8474719693675,0.9723113780031709,put,30.505000000000003,0.00032781511227672716
254,0.6958904109589041,775.0,-0.03530171881677188,0.16624576876746291,802.8474719693675,0.9723113780031709,put,32.05,0.0031201248049922445
254,0.6958904109589041,780.0,-0.028870828486481544,0.16385518834828958,802.8474719693675,0.9723113780031709,put,33.745,0.0032597421840272465
254,0.6958904109589041,785.0,-0.022481030387710505,0.16146923721692283,802.8474719693675,0.9723113780031709,put,35.535,0.003095539608836543
254,0.6958904109589041,790.0,-0.016131802709051728,0.15928146068933427,802.8474719693675,0.9723113780031709,put,37.474999999999994,0.0034689793195464332
254,0.6958904109589041,795.0,-0.009822633515786978,0.15689126970150455,802.8474719693675,0.9723113780031709,put,39.47,0.0030402837598176983
254,0.6958904109589041,800.0,-0.003553020502191666,0.15477199391706584,802.8474719693675,0.9723113780031709,put,41.644999999999996,0.0031216232440869868
254,0.6958904109589041,805.0,0.0026775292484445476,0.15278457906999743,802.8474719693675,0.9723113780031709,call,38.68,0.0020682523267838235
254,0.6958904109589041,810.0,0.008869499496365434,0.1508202872194813,802.8474719693675,0.9723113780031709,call,35.95,0.00166898470097344
254,0.6958904109589041,815.0,0.015023365070743722,0.14878005785559345,802.8474719693675,0.9723113780031709,call,33.295,0.0027031085748611926
254,0.6958904109589041,820.0,0.021139592088179837,0.14715646418323167,802.8474719693675,0.9723113780031709,call,30.845,0.0022694115739990365
254,0.6958904109589041,825.0,0.02721863816456205,0.1454803011005214,802.8474719693675,0.9723113780031709,call,28.48,0.0021067415730337876
254,0.6958904109589041,830.0,0.033260952620524704,0.14382295187558936,802.8474719693675,0.9723113780031709,call,26.22,0.0022883295194507523
254,0.6958904109589041,835.0,0.03926697668073661,0.14235929396670313,802.8474719693675,0.9723113780031709,call,24.11,0.0033181252592284654
254,0.6958904109589041,840.0,0.04523714366724045,0.1409725650049394,802.8474719693675,0.9723113780031709,call,22.119999999999997,0.002712477396021642
254,0.6958904109589041,845.0,0.05117187918705502,0.13943801377912207,802.8474719693675,0.9723113780031709,call,20.195,0.002475860361475472
254,0.6958904109589041,850.0,0.05707160131424313,0.1384020845106611,802.8474719693675,0.9723113780031709,call,18.490000000000002,0.0032449972958355174
254,0.6958904109589041,855.0,0.06293672076664124,0.13731767965385125,802.8474719693675,0.9723113780031709,call,16.869999999999997,0.0035566093657379214
254,0.6958904109589041,860.0,0.06876764107743447,0.13627588285784384,802.8474719693675,0.9723113780031709,call,15.355,0.0032562683165093267
254,0.6958904109589041,865.0,0.0745647587617604,0.1352878415754676,802.8474719693675,0.9723113780031709,call,13.945,0.003585514521333862
254,0.6958904109589041,870.0,0.0803284634785105,0.134655377278421,802.8474719693675,0.9723113780031709,call,12.7,0.0047244094488189375
254,0.6958904109589041,875.0,0.08605913818749555,0.13375991077939728,802.8474719693675,0.9723113780031709,call,11.485,0.004353504571179707
254,0.6958904109589041,880.0,0.09175715930213331,0.13325599027999435,802.8474719693675,0.9723113780031709,call,10.43,0.0038350910834131493
254,0.6958904109589041,885.0,0.09742289683781069,0.1325889776464737,802.8474719693675,0.9723113780031709,call,9.42,0.004246284501061481
254,0.6958904109589041,890.0,0.10305671455606652,0.13200830538489114,802.8474719693675,0.9723113780031709,call,8.5,0.004705882352941076
254,0.6958904109589041,895.0,0.1086589701047364,0.13157587937696144,802.8474719693675,0.9723113780031709,call,7.675000000000001,0.006514657980456002
254,0.6958904109589041,900.0,0.1142300151541918,0.13124183495957636,802.8474719693675,0.9723113780031709,call,6.93,0.005772005772005777
254,0.6958904109589041,905.0,0.1197701955298072,0.13084583966110588,802.8474719693675,0.9723113780031709,call,6.234999999999999,0.008019246190858031
254,0.6958904109589041,910.0,0.12527985134077682,0.13032973703689385,802.8474719693675,0.9723113780031709,call,5.58,0.007168458781362013
254,0.6958904109589041,915.0,0.13075931710540245,0.1299941627565807,802.8474719693675,0.9723113780031709,call,5.005,0.0059940059940058665
254,0.6958904109589041,920.0,0.13620892187296715,0.1297017767767791,802.8474719693675,0.9723113780031709,call,4.484999999999999,0.006688963210702397
254,0.6958904109589041,925.0,0.14162898934230617,0.12940318961309863,802.8474719693675,0.9723113780031709,call,4.01,0.009975062344139661
254,0.6958904109589041,930.0,0.14701983797718263,0.12921563559380334,802.8474719693675,0.9723113780031709,call,3.59,0.011142061281337058
254,0.6958904109589041,935.0,0.15238178111856804,0.1289485317629451,802.8474719693675,0.9723113780031709,call,3.2,0.0062500000000000056
254,0.6958904109589041,940.0,0.15771512709393062,0.1288222968389551,802.8474719693675,0.9723113780031709,call,2.8600000000000003,0.006993006993006998
254,0.6958904109589041,945.0,0.16302017932362384,0.1286183354372486,802.8474719693675,0.9723113780031709,call,2.545,0.011787819253438213
254,0.6958904109589041,950.0,0.16829723642446762,0.12853054467515193,802.8474719693675,0.9723113780031709,call,2.2699999999999996,0.008810572687224679
254,0.6958904109589041,955.0,0.17354659231061137,0.12855292290470202,802.8474719693675,0.9723113780031709,call,2.0300000000000002,0.00985221674876848
254,0.6958904109589041,960.0,0.17876853629176306,0.1285306871567947,802.8474719693675,0.9723113780031709,call,1.81,0.011049723756906087
254,0.6958904109589041,965.0,0.18396335316886692,0.12848260902877878,802.8474719693675,0.9723113780031709,call,1.61,0.012422360248447215
254,0.6958904109589041,970.0,0.18913132332730953,0.12876474743259464,802.8474719693675,0.9723113780031709,call,1.45,0.013793103448275874
254,0.6958904109589041,975.0,0.1942727228277282,0.12877377200113627,802.8474719693675,0.9723113780031709,call,1.29,0.015503875968992262
254,0.6958904109589041,980.0,0.19938782349449866,0.12904984275090586,802.8474719693675,0.9723113780031709,call,1.16,0.017241379310344845
254,0.6958904109589041,985.0,0.20447689300196997,0.1291654923314506,802.8474719693675,0.9723113780031709,call,1.0350000000000001,0.028985507246376833
254,0.6958904109589041,990.0,0.20954019495851672,0.1296758534779984,802.8474719693675,0.9723113780031709,call,0.94,0.021276595744680753
254,0.6958904109589041,995.0,0.21457798898847388,0.12984672316138463,802.8474719693675,0.9723113780031709,call,0.84,0.023809523809523832
254,0.6958904109589041,1000.0,0.2195905308120182,0.1301474713474908,802.8474719693675,0.9723113780031709,call,0.755,0.013245033112582794
254,0.6958904109589041,1005.0,0.22457807232305713,0.13049438294330046,802.8474719693675,0.9723113780031709,call,0.6799999999999999,0.029411764705882217
254,0.6958904109589041,1010.0,0.22954086166518614,0.13092402047829477,802.8474719693675,0.9723113780031709,call,0.615,0.016260162601626032
254,0.6958904109589041,1015.0,0.23447914330576874,0.13148017664041187,802.8474719693675,0.9723113780031709,call,0.56,0.035714285714285546
254,0.6958904109589041,1020.0,0.23939315810819783,0.1320324869721338,802.8474719693675,0.9723113780031709,call,0.51,0.03921568627450984
254,0.6958904109589041,1025.0,0.24428314340238963,0.1327936067684303,802.8474719693675,0.9723113780031709,call,0.47,0.042553191489361625
254,0.6958904109589041,1030.0,0.24914933305356257,0.13320101797219883,802.8474719693675,0.9723113780031709,call,0.425,0.023529411764705903
254,0.6958904109589041,1035.0,0.25399195752935055,0.13408913401575592,802.8474719693675,0.9723113780031709,call,0.395,0.025316455696202552
254,0.6958904109589041,1040.0,0.2588112439652995,0.13485943899711747,802.8474719693675,0.9723113780031709,call,0.365,0.02739726027397263
254,0.6958904109589041,1050.0,0.26838069498145006,0.13599265941342412,802.8474719693675,0.9723113780031709,call,0.305,0.03278688524590167
254,0.6958904109589041,1060.0,0.2778594389359939,0.13773537410141234,802.8474719693675,0.9723113780031709,call,0.265,0.03773584905660381
254,0.6958904109589041,1070.0,0.287249179285833,0.13904279204080816,802.8474719693675,0.9723113780031709,call,0.225,0.04444444444444448
254,0.6958904109589041,1080.0,0.2965515719481465,0.1406315289707125,802.8474719693675,0.9723113780031709,call,0.195,0.05128205128205133
254,0.6958904109589041,1090.0,0.3057682270530704,0.14225765498017412,802.8474719693675,0.9723113780031709,call,0.16999999999999998,0.11764705882352937
254,0.6958904109589041,1100.0,0.314900710616343,0.14401357901788214,802.8474719693675,0.9723113780031709,call,0.15000000000000002,0.13333333333333325
254,0.6958904109589041,1110.0,0.32395054613626095,0.1454415394113697,802.8474719693675,0.9723113780031709,call,0.13,0.15384615384615397
254,0.6958904109589041,1120.0,0.33291921611902137,0.14712758684826677,802.8474719693675,0.9723113780031709,call,0.11499999999999999,0.0869565217391304
254,0.6958904109589041,1130.0,0.3418081635362673,0.14922713932215226,802.8474719693675,0.9723113780031709,call,0.10500000000000001,0.09523809523809518
254,0.6958904109589041,1140.0,0.3506187932184222,0.15113437276192457,802.8474719693675,0.9723113780031709,call,0.095,0.10526315789473693
254,0.6958904109589041,1150.0,0.35935247318717684,0.1536625363352172,802.8474719693675,0.9723113780031709,call,0.09,0.22222222222222227
254,0.6958904109589041,1160.0,0.3680105359302915,0.1552001008289528,802.8474719693675,0.9723113780031709,call,0.08,0.24999999999999986
254,0.6958904109589041,1170.0,0.37659427962168285,0.15746517629909618,802.8474719693675,0.9723113780031709,call,0.07500000000000001,0.13333333333333325
254,0.6958904109589041,1180.0,0.38510496928959154,0.15961406818033322,802.8474719693675,0.9723113780031709,call,0.07,0.28571428571428575
254,0.6958904109589041,1190.0,0.39354383793545616,0.15925168012069665,802.8474719693675,0.9723113780031709,call,0.055,0.18181818181818174
254,0.6958904109589041,1200.0,0.4019120876059728,0.16227905037222012,802.8474719693675,0.9723113780031709,call,0.055,0.18181818181818174
254,0.6958904109589041,1210.0,0.41021089042066783,0.16527480841071726,802.8474719693675,0.9723113780031709,call,0.055,0.18181818181818174
254,0.6958904109589041,1220.0,0.4184413895571833,0.16952779579144564,802.8474719693675,0.9723113780031709,call,0.060000000000000005,0.33333333333333337
359,0.9835616438356164,540.0,-0.4085810294198515,0.28858160137573124,812.5278324807966,0.9610904897935252,put,6.390000000000001,0.009389671361502285
359,0.9835616438356164,550.0,-0.39023189075165493,0.282956337393622,812.5278324807966,0.9610904897935252,put,6.869999999999999,0.005822416302765653
359,0.9835616438356164,560.0,-0.37221338524897657,0.27738596199793325,812.5278324807966,0.9610904897935252,put,7.385,0.006770480704129969
359,0.9835616438356164,570.0,-0.3545138081495758,0.2718881858399663,812.5278324807966,0.9610904897935252,put,7.9399999999999995,0.007556675062972243
359,0.9835616438356164,575.0,-0.34578012818082116,0.26926514125011397,812.5278324807966,0.9610904897935252,put,8.245000000000001,0.006064281382656025
359,0.9835616438356164,580.0,-0.33712206543770656,0.26655673412959624,812.5278324807966,0.9610904897935252,put,8.55,0.00701754385964918
359,0.9835616438356164,590.0,-0.3200276320784064,0.2612616119811685,812.5278324807966,0.9610904897935252,put,9.205,0.007604562737642617
359,0.9835616438356164,595.0,-0.3115887634325417,0.2587005735740732,812.5278324807966,0.9610904897935252,put,9.559999999999999,0.0062761506276151156
359,0.9835616438356164,600.0,-0.30322051376202513,0.256161126054221,812.5278324807966,0.9610904897935252,put,9.93,0.006042296072507603
359,0.9835616438356164,605.0,-0.29492171094733016,0.25356486259762995,812.5278324807966,0.9610904897935252,put,10.305,0.0067928190198932835
359,0.9835616438356164,610.0,-0.28669121181081464,0.2510202089378547,812.5278324807966,0.9610904897935252,put,10.7,0.005607476635514066
359,0.9835616438356164,620.0,-0.2704306909390343,0.2461185886341857,812.5278324807966,0.9610904897935252,put,11.559999999999999,0.005190311418685165
359,0.9835616438356164,625.0,-0.26239851924177005,0.2435811314648056,812.5278324807966,0.9610904897935252,put,12.0,0.004999999999999893
359,0.9835616438356164,630.0,-0.25443034959259314,0.24116811029014731,812.5278324807966,0.9610904897935252,put,12.475,0.005611222444889803
359,0.9835616438356164,640.0,-0.23868199262445405,0.23629544807376252,812.5278324807966,0.9610904897935252,put,13.469999999999999,0.005939123979213072
359,0.9835616438356164,650.0,-0.22317780608848875,0.23150933890001146,812.5278324807966,0.9610904897935252,put,14.555,0.004809343868086588
359,0.9835616438356164,675.0,-0.18543747810564176,0.21981865639036646,812.5278324807966,0.9610904897935252,put,17.7,0.004519774011299339
359,0.9835616438356164,680.0,-0.1780573708080192,0.21746330512156112,812.5278324807966,0.9610904897935252,put,18.4,0.004347826086956622
359,0.9835616438356164,685.0,-0.17073133071594626,0.2151212643761429,812.5278324807966,0.9610904897935252,put,19.130000000000003,0.004181913225300671
359,0.9835616438356164,690.0,-0.16345857138686648,0.21287940775902398,812.5278324807966,0.9610904897935252,put,19.91,0.004018081366147579
359,0.9835616438356164,691.0,-0.1620103452105017,0.2124092471802065,812.5278324807966,0.9610904897935252,put,20.064999999999998,0.004485422377273853
359,0.9835616438356164,692.0,-0.16056421336050195,0.21188737314759512,812.5278324807966,0.9610904897935252,put,20.21,0.0049480455220188724
359,0.9835616438356164,693.0,-0.15912016978826832,0.21152071866848857,812.5278324807966,0.9610904897935252,put,20.39,0.0049043648847474945
359,0.9835616438356164,695.0,-0.1562383234133794,0.21058608450681907,812.5278324807966,0.9610904897935252,put,20.71,0.004828585224529281
359,0.9835616438356164,698.0,-0.15193106621579905,0.20918714258148488,812.5278324807966,0.9610904897935252,put,21.2,0.004716981132075539
359,0.9835616438356164,700.0,-0.14906983393476683,0.20832922373740928,812.5278324807966,0.9610904897935252,put,21.55,0.004640371229698442
359,0.9835616438356164,701.0,-0.14764228194358145,0.20782471290148258,812.5278324807966,0.9610904897935252,put,21.71,0.004606172270842995
359,0.9835616438356164,707.0,-0.13911950308159882,0.20513295373341353,812.5278324807966,0.9610904897935252,put,22.775,0.004829857299670667
359,0.9835616438356164,708.0,-0.13770607528445172,0.20465216918908752,812.5278324807966,0.9610904897935252,put,22.950000000000003,0.0052287581699346835
359,0.9835616438356164,709.0,-0.13629464244604406,0.20425092344906726,812.5278324807966,0.9610904897935252,put,23.145,0.004752646359904923
359,0.9835616438356164,710.0,-0.13488519894281048,0.20377936205608402,812.5278324807966,0.9610904897935252,put,23.325,0.004715969989281863
359,0.9835616438356164,720.0,-0.12089895696807056,0.19934342825435708,812.5278324807966,0.9610904897935252,put,25.275,0.004352126607319463
359,0.9835616438356164,721.0,-0.11951103169322252,0.19886389645056626,812.5278324807966,0.9610904897935252,put,25.47,0.004711425206124892
359,0.9835616438356164,725.0,-0.11397851412349676,0.19708225274582333,812.5278324807966,0.9610904897935252,put,26.299999999999997,0.00456273764258559
359,0.9835616438356164,727.0,-0.11122369144465213,0.19615133874567786,812.5278324807966,0.9610904897935252,put,26.715,0.004866180048661896
359,0.9835616438356164,730.0,-0.10710563483573471,0.1949285013276932,812.5278324807966,0.9610904897935252,put,27.395,0.004745391494798414
359,0.9835616438356164,732.0,-0.10436965501685992,0.19396669336320865,812.5278324807966,0.9610904897935252,put,27.82,0.004313443565779922
359,0.9835616438356164,735.0,-0.10027966976533483,0.192655343173366,812.5278324807966,0.9610904897935252,put,28.505000000000003,0.004560603402911734
359,0.9835616438356164,740.0,-0.09349998277995604,0.1904877209320993,812.5278324807966,0.9610904897935252,put,29.69,0.00471539238800945
359,0.9835616438356164,742.0,-0.09080092581079112,0.18955414563559864,812.5278324807966,0.9610904897935252,put,30.16,0.004641909814323626
359,0.9835616438356164,743.0,-0.08945412426041233,0.18916976989147097,812.5278324807966,0.9610904897935252,put,30.42,0.0046022353714660425
359,0.9835616438356164,745.0,-0.08676595059861207,0.18819082201551227,812.5278324807966,0.9610904897935252,put,30.89,0.004532211071544208
359,0.9835616438356164,750.0,-0.08007696244781544,0.1860155659894936,812.5278324807966,0.9610904897935252,put,32.175,0.00404040404040412
359,0.9835616438356164,754.0,-0.07475780097021544,0.18424765465758072,812.5278324807966,0.9610904897935252,put,33.235,0.00391153904016836
359,0.9835616438356164,760.0,-0.06683173569779477,0.18163600798705534,812.5278324807966,0.9610904897935252,put,34.905,0.0037243947858471693
359,0.9835616438356164,762.0,-0.06420361329152523,0.18074474259533668,812.5278324807966,0.9610904897935252,put,35.474999999999994,0.0036645525017618766
359,0.9835616438356164,764.0,-0.0615823798116511,0.1799235441756945,812.5278324807966,0.9610904897935252,put,36.075,0.004158004158004118
359,0.9835616438356164,765.0,-0.060274335151635675,0.17942906622251223,812.5278324807966,0.9610904897935252,put,36.355000000000004,0.0035758492642003177
359,0.9835616438356164,766.0,-0.05896799923758026,0.1790132223400428,812.5278324807966,0.9610904897935252,put,36.66,0.003818876159301513
359,0.9835616438356164,768.0,-0.056360435830499364,0.17813757433804586,812.5278324807966,0.9610904897935252,put,37.265,0.003488528109485991
359,0.9835616438356164,770.0,-0.05375965413044197,0.17731084557342996,812.5278324807966,0.9610904897935252,put,37.894999999999996,0.003430531732418593
359,0.9835616438356164,775.0,-0.0472871396248246,0.17513232087530242,812.5278324807966,0.9610904897935252,put,39.485,0.003292389515005583
359,0.9835616438356164,778.0,-0.04342364479977989,0.17384968196430792,812.5278324807966,0.9610904897935252,put,40.48,0.0034584980237154293
359,0.9835616438356164,779.0,-0.04213912310742327,0.1734134734090534,812.5278324807966,0.9610904897935252,put,40.815,0.0031851035158643286
359,0.9835616438356164,781.0,-0.039575019138485545,0.1725787241535681,812.5278324807966,0.9610904897935252,put,41.504999999999995,0.003132152752680462
359,0.9835616438356164,784.0,-0.035741148627763675,0.17127991070108192,812.5278324807966,0.9610904897935252,put,42.55,0.0032902467685076518
359,0.9835616438356164,785.0,-0.03446645119576313,0.17088260750834555,812.5278324807966,0.9610904897935252,put,42.915000000000006,0.0034952813701502636
359,0.9835616438356164,786.0,-0.03319337654896495,0.17049117725025928,812.5278324807966,0.9610904897935252,put,43.285,0.003465403719533293
359,0.9835616438356164,787.0,-0.031921920560768306,0.17012313045387162,812.5278324807966,0.9610904897935252,put,43.665,0.0038932783694034514
359,0.9835616438356164,789.0,-0.029383848132297264,0.16928755414830088,812.5278324807966,0.9610904897935252,put,44.405,0.0038283977029614164
359,0.9835616438356164,791.0,-0.026852201210517717,0.16835719616070335,812.5278324807966,0.9610904897935252,put,45.129999999999995,0.003545313538666158
359,0.9835616438356164,800.0,-0.01553844131024422,0.1647680156316076,812.5278324807966,0.9610904897935252,put,48.745000000000005,0.0038978356754539915
359,0.9835616438356164,805.0,-0.009307891559608128,0.16274602887445883,812.5278324807966,0.9610904897935252,put,50.870000000000005,0.0035384312954590074
359,0.9835616438356164,810.0,-0.0031159213116871446,0.1608051809151979,812.5278324807966,0.9610904897935252,put,53.12,0.00414156626506022
359,0.9835616438356164,815.0,0.003037944262691131,0.15891707089887833,812.5278324807966,0.9610904897935252,call,47.945,0.0022942955469809037
359,0.9835616438356164,820.0,0.009154171280127235,0.1572433980222271,812.5278324807966,0.9610904897935252,call,45.25,0.00220994475138109
359,0.9835616438356164,830.0,0.021275531812472076,0.15403557564730475,812.5278324807966,0.9610904897935252,call,40.125,0.0027414330218068395
359,0.9835616438356164,840.0,0.0332517228591878,0.15097352089145497,812.5278324807966,0.9610904897935252,call,35.349999999999994,0.0028288543140028697
359,0.9835616438356164,845.0,0.039186458379002365,0.14967370473589833,812.5278324807966,0.9610904897935252,call,33.150000000000006,0.0030165912518854117
359,0.9835616438356164,850.0,0.04508618050619067,0.14827960170317617,812.5278324807966,0.9610904897935252,call,31.0,0.003225806451612949
359,0.9835616438356164,860.0,0.056782220269381976,0.1457842907062706,812.5278324807966,0.9610904897935252,call,27.025,0.00333024976873265
359,0.9835616438356164,870.0,0.06834304267045778,0.14346075961200028,812.5278324807966,0.9610904897935252,call,23.415,0.003843689942344645
359,0.9835616438356164,880.0,0.07977173849408056,0.14153332721280878,812.5278324807966,0.9610904897935252,call,20.225,0.002472187886279392
359,0.9835616438356164,900.0,0.10224459434613922,0.13855448721321784,812.5278324807966,0.9610904897935252,call,14.945,0.004683840749414539
359,0.9835616438356164,905.0,0.10778477472175461,0.13793834521577114,812.5278324807966,0.9610904897935252,call,13.825,0.005063291139240527
359,0.9835616438356164,910.0,0.11329443053272423,0.13739757705312575,812.5278324807966,0.9610904897935252,call,12.785,0.005475166210402838
359,0.9835616438356164,915.0,0.11877389629734983,0.13681377738321487,812.5278324807966,0.9610904897935252,call,11.795,0.00423908435777878
359,0.9835616438356164,920.0,0.12422350106491452,0.1363538119955706,812.5278324807966,0.9610904897935252,call,10.89,0.005509641873278282
359,0.9835616438356164,925.0,0.12964356853425374,0.13589664501318097,812.5278324807966,0.9610904897935252,call,10.04,0.005976095617529931
359,0.9835616438356164,930.0,0.13503441716912998,0.1356034802168992,812.5278324807966,0.9610904897935252,call,9.275,0.007547169811320785
359,0.9835616438356164,935.0,0.1403963603105154,0.13524398943492313,812.5278324807966,0.9610904897935252,call,8.545,0.008191925102399097
359,0.9835616438356164,940.0,0.14572970628587797,0.13487538534688648,812.5278324807966,0.9610904897935252,call,7.859999999999999,0.007633587786259493
359,0.9835616438356164,945.0,0.15103475851557116,0.13456513247740368,812.5278324807966,0.9610904897935252,call,7.23,0.008298755186721938
359,0.9835616438356164,950.0,0.15631181561641494,0.13424402945515052,812.5278324807966,0.9610904897935252,call,6.640000000000001,0.009036144578313194
359,0.9835616438356164,955.0,0.1615611715025587,0.13398569431173404,812.5278324807966,0.9610904897935252,call,6.1,0.009836065573770428
359,0.9835616438356164,975.0,0.18228730201967566,0.1330168025948227,812.5278324807966,0.9610904897935252,call,4.3,0.01395348837209314
359,0.9835616438356164,980.0,0.18740240268644612,0.1329522097768333,812.5278324807966,0.9610904897935252,call,3.95,0.015189873417721532
359,0.9835616438356164,985.0,0.1924914721939174,0.13271276497127063,812.5278324807966,0.9610904897935252,call,3.605,0.013869625520110907
359,0.9835616438356164,995.0,0.20259256818042132,0.1326503828146621,812.5278324807966,0.9610904897935252,call,3.035,0.01647446457990124
